Checked At UTC,Country,Channel Name,tvg-id,Availability,Test Result,Detail,Latency ms,Attempts,Stream Host,Stream URL
2026-08-30 10:13:30 UTC,Algeria,4Kids TV,4KidsTV.dz,unavailable,Not tested — no public stream,No real stream URL,,0,example.invalid,https://example.invalid/iptv-no-stream/4KidsTV.dz
2026-08-30 10:13:30 UTC,Algeria,Al Anis TV,AlAnisTV.dz,unavailable,Not tested — no public stream,No real stream URL,,0,example.invalid,https://example.invalid/iptv-no-stream/AlAnisTV.dz
2026-08-30 10:13:30 UTC,Algeria,AL24 News,AL24News.dz@SD,available,Working,audio+video,1048,1,cdn.live.easybroadcast.io,https://cdn.live.easybroadcast.io/abr_corp/66_al24_u4yga6h/corp/66_al24_u4yga6h_240p/chunks.m3u8
2026-08-30 10:13:30 UTC,Algeria,Alaqaria TV,AlaqariaTV.dz,unavailable,Not tested — no public stream,No real stream URL,,0,example.invalid,https://example.invalid/iptv-no-stream/AlaqariaTV.dz
2026-08-30 10:13:30 UTC,Algeria,Alsir TV,AlsirTV.dz,unavailable,Not tested — no public stream,No real stream URL,,0,example.invalid,https://example.invalid/iptv-no-stream/AlsirTV.dz
2026-08-30 10:13:30 UTC,Algeria,Amou Yazid TV (576p),AmouYazidTV.dz@SD,available,Working,audio+video,1273,1,mkstream.servehttp.com,http://mkstream.servehttp.com:1940/AmouYazid/ay1/playlist.m3u8
2026-08-30 10:13:30 UTC,Algeria,Aures TV,AuresTV.dz,unavailable,Not tested — no public stream,No real stream URL,,0,example.invalid,https://example.invalid/iptv-no-stream/AuresTV.dz
2026-08-30 10:13:30 UTC,Algeria,Bahia TV,BahiaTV.dz,unavailable,Not tested — no public stream,No real stream URL,,0,example.invalid,https://example.invalid/iptv-no-stream/BahiaTV.dz
2026-08-30 10:13:30 UTC,Algeria,Channel 0225 TV,Channel0225TV.dz,unavailable,Not tested — no public stream,No real stream URL,,0,example.invalid,https://example.invalid/iptv-no-stream/Channel0225TV.dz
2026-08-30 10:13:30 UTC,Algeria,Chebab TV,ChebabTV.dz,unavailable,Not tested — no public stream,No real stream URL,,0,example.invalid,https://example.invalid/iptv-no-stream/ChebabTV.dz
2026-08-30 10:13:30 UTC,Algeria,CNA (360p) [Not 24/7],CNA.dz@SD,available,Restricted (403),https://live.creacast.com/cna/stream/playlist.m3u8: Server returned 403 Forbidden (access denied),802,2,live.creacast.com,https://live.creacast.com/cna/stream/playlist.m3u8
2026-08-30 10:13:30 UTC,Algeria,Dz News TV,DzNewsTV.dz,unavailable,Not tested — no public stream,No real stream URL,,0,example.invalid,https://example.invalid/iptv-no-stream/DzNewsTV.dz
2026-08-30 10:13:30 UTC,Algeria,Dzair Tube TV,DzairTubeTV.dz,unavailable,Not tested — no public stream,No real stream URL,,0,example.invalid,https://example.invalid/iptv-no-stream/DzairTubeTV.dz
2026-08-30 10:13:30 UTC,Algeria,Echorouk News,EchoroukNews.dz,unavailable,Not tested — no public stream,No real stream URL,,0,example.invalid,https://example.invalid/iptv-no-stream/EchoroukNews.dz
2026-08-30 10:13:30 UTC,Algeria,Echorouk TV,EchoroukTV.dz,unavailable,Not tested — no public stream,No real stream URL,,0,example.invalid,https://example.invalid/iptv-no-stream/EchoroukTV.dz
2026-08-30 10:13:30 UTC,Algeria,El Bilad TV,ElBiladTV.dz,unavailable,Not tested — no public stream,No real stream URL,,0,example.invalid,https://example.invalid/iptv-no-stream/ElBiladTV.dz
2026-08-30 10:13:30 UTC,Algeria,El Djazair N1,ElDjazairN1.dz,unavailable,Not tested — no public stream,No real stream URL,,0,example.invalid,https://example.invalid/iptv-no-stream/ElDjazairN1.dz
2026-08-30 10:13:30 UTC,Algeria,El Fadjer TV,ElFadjerTV.dz,unavailable,Not tested — no public stream,No real stream URL,,0,example.invalid,https://example.invalid/iptv-no-stream/ElFadjerTV.dz
2026-08-30 10:13:30 UTC,Algeria,El Hayat TV,ElHayatTV.dz,unavailable,Not tested — no public stream,No real stream URL,,0,example.invalid,https://example.invalid/iptv-no-stream/ElHayatTV.dz
2026-08-30 10:13:30 UTC,Algeria,El Hidhab TV,ElHidhabTV.dz,unavailable,Not tested — no public stream,No real stream URL,,0,example.invalid,https://example.invalid/iptv-no-stream/ElHidhabTV.dz
2026-08-30 10:13:30 UTC,Algeria,El-Heddaf TV (1080p),ElHeddafTV.dz@SD,available,Working,audio+video,3944,1,live.elheddaftv.com,https://live.elheddaftv.com:8081/elheddaftv/index.m3u8
2026-08-30 10:13:30 UTC,Algeria,Elikhbaria TV,ElikhbariaTV.dz,unavailable,Not tested — no public stream,No real stream URL,,0,example.invalid,https://example.invalid/iptv-no-stream/ElikhbariaTV.dz
2026-08-30 10:13:30 UTC,Algeria,Eliktisadia El Oula TV,EliktisadiaElOulaTV.dz,unavailable,Not tested — no public stream,No real stream URL,,0,example.invalid,https://example.invalid/iptv-no-stream/EliktisadiaElOulaTV.dz
2026-08-30 10:13:30 UTC,Algeria,Elwatania TV (1080i),ElwataniaTV.dz@SD,available,Working,audio+video,13963,1,livesstream.work.gd,https://livesstream.work.gd:5443/WebRTCApp/streams/stream.m3u8
2026-08-30 10:13:30 UTC,Algeria,Ennahar TV,EnnaharTV.dz,unavailable,Not tested — no public stream,No real stream URL,,0,example.invalid,https://example.invalid/iptv-no-stream/EnnaharTV.dz
2026-08-30 10:13:30 UTC,Algeria,Essalam TV,EssalamTV.dz,unavailable,Not tested — no public stream,No real stream URL,,0,example.invalid,https://example.invalid/iptv-no-stream/EssalamTV.dz
2026-08-30 10:13:30 UTC,Algeria,Fairs TV,FairsTV.dz,unavailable,Not tested — no public stream,No real stream URL,,0,example.invalid,https://example.invalid/iptv-no-stream/FairsTV.dz
2026-08-30 10:13:30 UTC,Algeria,Jeel DZ TV,JeelDZTV.dz,unavailable,Not tested — no public stream,No real stream URL,,0,example.invalid,https://example.invalid/iptv-no-stream/JeelDZTV.dz
2026-08-30 10:13:30 UTC,Algeria,One TV,OneTV.dz,unavailable,Not tested — no public stream,No real stream URL,,0,example.invalid,https://example.invalid/iptv-no-stream/OneTV.dz
2026-08-30 10:13:30 UTC,Algeria,Sahra TV,SahraTV.dz,unavailable,Not tested — no public stream,No real stream URL,,0,example.invalid,https://example.invalid/iptv-no-stream/SahraTV.dz
2026-08-30 10:13:30 UTC,Algeria,Samira TV,SamiraTV.dz,unavailable,Not tested — no public stream,No real stream URL,,0,example.invalid,https://example.invalid/iptv-no-stream/SamiraTV.dz
2026-08-30 10:13:30 UTC,Algeria,Setif News,SetifNews.dz,unavailable,Not tested — no public stream,No real stream URL,,0,example.invalid,https://example.invalid/iptv-no-stream/SetifNews.dz
2026-08-30 10:13:30 UTC,Algeria,TV1,TV1.dz,unavailable,Not tested — no public stream,No real stream URL,,0,example.invalid,https://example.invalid/iptv-no-stream/TV1.dz
2026-08-30 10:13:30 UTC,Algeria,TV2 (1080p),TV2.dz@SD,available,Working,audio+video,1841,1,185.9.2.18,http://185.9.2.18/chid_347/index.m3u8
2026-08-30 10:13:30 UTC,Algeria,TV3,TV3.dz,unavailable,Not tested — no public stream,No real stream URL,,0,example.invalid,https://example.invalid/iptv-no-stream/TV3.dz
2026-08-30 10:13:30 UTC,Algeria,TV4,TV4.dz,unavailable,Not tested — no public stream,No real stream URL,,0,example.invalid,https://example.invalid/iptv-no-stream/TV4.dz
2026-08-30 10:13:30 UTC,Algeria,TV5,TV5.dz,unavailable,Not tested — no public stream,No real stream URL,,0,example.invalid,https://example.invalid/iptv-no-stream/TV5.dz
2026-08-30 10:13:30 UTC,Algeria,TV6,TV6.dz,unavailable,Not tested — no public stream,No real stream URL,,0,example.invalid,https://example.invalid/iptv-no-stream/TV6.dz
2026-08-30 10:13:30 UTC,Algeria,TV7,TV7.dz,unavailable,Not tested — no public stream,No real stream URL,,0,example.invalid,https://example.invalid/iptv-no-stream/TV7.dz
2026-08-30 10:13:30 UTC,Algeria,TV8,TV8.dz,unavailable,Not tested — no public stream,No real stream URL,,0,example.invalid,https://example.invalid/iptv-no-stream/TV8.dz
2026-08-30 10:13:30 UTC,Algeria,TV9,TV9.dz,unavailable,Not tested — no public stream,No real stream URL,,0,example.invalid,https://example.invalid/iptv-no-stream/TV9.dz
2026-08-30 10:13:30 UTC,Algeria,WebTV Universite de Bejaia,WebTVUniversitedeBejaia.dz,unavailable,Not tested — no public stream,No real stream URL,,0,example.invalid,https://example.invalid/iptv-no-stream/WebTVUniversitedeBejaia.dz
2026-08-30 10:13:30 UTC,Algeria,ZAHRA TV,ZAHRATV.dz,unavailable,Not tested — no public stream,No real stream URL,,0,example.invalid,https://example.invalid/iptv-no-stream/ZAHRATV.dz
2026-08-30 10:13:30 UTC,Bahrain,Bahrain International (720p) [Not 24/7],BahrainInternational.bh@SD,available,Working,audio+video,6925,1,5c7b683162943.streamlock.net,https://5c7b683162943.streamlock.net/live/ngrp:bahraininternational_all/playlist.m3u8
2026-08-30 10:13:30 UTC,Bahrain,Bahrain Lawal,BahrainLawal.bh,unavailable,Not tested — no public stream,No real stream URL,,0,example.invalid,https://example.invalid/iptv-no-stream/BahrainLawal.bh
2026-08-30 10:13:30 UTC,Bahrain,Bahrain Quran (720p) [Not 24/7],BahrainQuran.bh@SD,available,Working,audio+video,7408,1,5c7b683162943.streamlock.net,https://5c7b683162943.streamlock.net/live/ngrp:bahrainquran_all/playlist.m3u8
2026-08-30 10:13:30 UTC,Bahrain,Bahrain Sports 1 (720p) [Not 24/7],BahrainSports1.bh@SD,available,Working,audio+video,6504,1,5c7b683162943.streamlock.net,https://5c7b683162943.streamlock.net/live/ngrp:sportsone_all/playlist.m3u8
2026-08-30 10:13:30 UTC,Bahrain,Bahrain Sports 2 (720p) [Not 24/7],BahrainSports2.bh@SD,available,Working,audio+video,6944,1,5c7b683162943.streamlock.net,https://5c7b683162943.streamlock.net/live/ngrp:bahrainsportstwo_all/playlist.m3u8
2026-08-30 10:13:30 UTC,Bahrain,Bahrain TV (720p) [Not 24/7],BahrainTV.bh@SD,available,Working,audio+video,6981,1,5c7b683162943.streamlock.net,https://5c7b683162943.streamlock.net/live/ngrp:bahraintvmain_all/playlist.m3u8
2026-08-30 10:13:30 UTC,Comoros,Huri TV,HuriTV.km,unavailable,Not tested — no public stream,No real stream URL,,0,example.invalid,https://example.invalid/iptv-no-stream/HuriTV.km
2026-08-30 10:13:30 UTC,Comoros,ORTC TV,ORTCTV.km,unavailable,Not tested — no public stream,No real stream URL,,0,example.invalid,https://example.invalid/iptv-no-stream/ORTCTV.km
2026-08-30 10:13:30 UTC,Djibouti,RTD,RTD.dj,unavailable,Not tested — no public stream,No real stream URL,,0,example.invalid,https://example.invalid/iptv-no-stream/RTD.dj
2026-08-30 10:13:30 UTC,Djibouti,RTD 1,RTD1.dj,unavailable,Not tested — no public stream,No real stream URL,,0,example.invalid,https://example.invalid/iptv-no-stream/RTD1.dj
2026-08-30 10:13:30 UTC,Djibouti,RTD 2,RTD2.dj,unavailable,Not tested — no public stream,No real stream URL,,0,example.invalid,https://example.invalid/iptv-no-stream/RTD2.dj
2026-08-30 10:13:30 UTC,Djibouti,RTD 3,RTD3.dj,unavailable,Not tested — no public stream,No real stream URL,,0,example.invalid,https://example.invalid/iptv-no-stream/RTD3.dj
2026-08-30 10:13:30 UTC,Djibouti,RTD 4,RTD4.dj,unavailable,Not tested — no public stream,No real stream URL,,0,example.invalid,https://example.invalid/iptv-no-stream/RTD4.dj
2026-08-30 10:13:30 UTC,Djibouti,RTD 5,RTD5.dj,unavailable,Not tested — no public stream,No real stream URL,,0,example.invalid,https://example.invalid/iptv-no-stream/RTD5.dj
2026-08-30 10:13:30 UTC,Djibouti,RTD 6,RTD6.dj,unavailable,Not tested — no public stream,No real stream URL,,0,example.invalid,https://example.invalid/iptv-no-stream/RTD6.dj
2026-08-30 10:13:30 UTC,Djibouti,RTD 7,RTD7.dj,unavailable,Not tested — no public stream,No real stream URL,,0,example.invalid,https://example.invalid/iptv-no-stream/RTD7.dj
2026-08-30 10:13:30 UTC,Egypt,3yoon TV,3yoonTV.eg,unavailable,Not tested — no public stream,No real stream URL,,0,example.invalid,https://example.invalid/iptv-no-stream/3yoonTV.eg
2026-08-30 10:13:30 UTC,Egypt,Aghapy TV (1080p) [Not 24/7],AghapyTV.eg@SD,available,Working,audio+video,3395,1,5b622f07944df.streamlock.net,https://5b622f07944df.streamlock.net/aghapy.tv/aghapy.smil/playlist.m3u8
2026-08-30 10:13:30 UTC,Egypt,Al Ahly TV,AlAhlyTV.eg,unavailable,Not tested — no public stream,No real stream URL,,0,example.invalid,https://example.invalid/iptv-no-stream/AlAhlyTV.eg
2026-08-30 10:13:30 UTC,Egypt,Al Ghad Plus,AlGhadPlus.eg,unavailable,Not tested — no public stream,No real stream URL,,0,example.invalid,https://example.invalid/iptv-no-stream/AlGhadPlus.eg
2026-08-30 10:13:30 UTC,Egypt,Al Ghad TV (1080p),AlGhadTV.eg@SD,available,Working,audio+video,10018,1,eazyvwqssi.erbvr.com,https://eazyvwqssi.erbvr.com/alghadtv/alghadtv.m3u8
2026-08-30 10:13:30 UTC,Egypt,Al Kahera Wal Nas,AlKaheraWalNas.eg,unavailable,Not tested — no public stream,No real stream URL,,0,example.invalid,https://example.invalid/iptv-no-stream/AlKaheraWalNas.eg
2026-08-30 10:13:30 UTC,Egypt,Al Kahera Wal Nas 2,AlKaheraWalNas2.eg,unavailable,Not tested — no public stream,No real stream URL,,0,example.invalid,https://example.invalid/iptv-no-stream/AlKaheraWalNas2.eg
2026-08-30 10:13:30 UTC,Egypt,Al Masriyah (1080p),AlMasriyah.eg@SD,available,Working,audio+video,1933,1,185.9.2.18,http://185.9.2.18/chid_247/index.m3u8
2026-08-30 10:13:30 UTC,Egypt,Al Nada TV,AlNadaTV.eg,unavailable,Not tested — no public stream,No real stream URL,,0,example.invalid,https://example.invalid/iptv-no-stream/AlNadaTV.eg
2026-08-30 10:13:30 UTC,Egypt,Al Qahera News,AlQaheraNews.eg,unavailable,Not tested — no public stream,No real stream URL,,0,example.invalid,https://example.invalid/iptv-no-stream/AlQaheraNews.eg
2026-08-30 10:13:30 UTC,Egypt,Al Rahma,AlRahma.eg,unavailable,Not tested — no public stream,No real stream URL,,0,example.invalid,https://example.invalid/iptv-no-stream/AlRahma.eg
2026-08-30 10:13:30 UTC,Egypt,Al Seha Wal Jamal TV,AlSehaWalJamalTV.eg,unavailable,Not tested — no public stream,No real stream URL,,0,example.invalid,https://example.invalid/iptv-no-stream/AlSehaWalJamalTV.eg
2026-08-30 10:13:30 UTC,Egypt,Al Shams TV,AlShamsTV.eg,unavailable,Not tested — no public stream,No real stream URL,,0,example.invalid,https://example.invalid/iptv-no-stream/AlShamsTV.eg
2026-08-30 10:13:30 UTC,Egypt,Al Wathaeqya,AlWathaeqya.eg,unavailable,Not tested — no public stream,No real stream URL,,0,example.invalid,https://example.invalid/iptv-no-stream/AlWathaeqya.eg
2026-08-30 10:13:30 UTC,Egypt,Al-Nahar,AlNahar.eg,unavailable,Not tested — no public stream,No real stream URL,,0,example.invalid,https://example.invalid/iptv-no-stream/AlNahar.eg
2026-08-30 10:13:30 UTC,Egypt,Al-Nahar Algadid,AlNaharAlgadid.eg,unavailable,Not tested — no public stream,No real stream URL,,0,example.invalid,https://example.invalid/iptv-no-stream/AlNaharAlgadid.eg
2026-08-30 10:13:30 UTC,Egypt,Al-Nahar Drama,AlNaharDrama.eg,unavailable,Not tested — no public stream,No real stream URL,,0,example.invalid,https://example.invalid/iptv-no-stream/AlNaharDrama.eg
2026-08-30 10:13:30 UTC,Egypt,Al-Nahar Noor,AlNaharNoor.eg,unavailable,Not tested — no public stream,No real stream URL,,0,example.invalid,https://example.invalid/iptv-no-stream/AlNaharNoor.eg
2026-08-30 10:13:30 UTC,Egypt,Al-Saeedah,AlSaeedah.eg,unavailable,Not tested — no public stream,No real stream URL,,0,example.invalid,https://example.invalid/iptv-no-stream/AlSaeedah.eg
2026-08-30 10:13:30 UTC,Egypt,Alassema TV,AlassemaTV.eg,unavailable,Not tested — no public stream,No real stream URL,,0,example.invalid,https://example.invalid/iptv-no-stream/AlassemaTV.eg
2026-08-30 10:13:30 UTC,Egypt,Alfath Atfal TV,AlfathAtfalTV.eg,unavailable,Not tested — no public stream,No real stream URL,,0,example.invalid,https://example.invalid/iptv-no-stream/AlfathAtfalTV.eg
2026-08-30 10:13:30 UTC,Egypt,Alfath Sonnah TV,AlfathSonnahTV.eg,unavailable,Not tested — no public stream,No real stream URL,,0,example.invalid,https://example.invalid/iptv-no-stream/AlfathSonnahTV.eg
2026-08-30 10:13:30 UTC,Egypt,Alfath TV,AlfathTV.eg,unavailable,Not tested — no public stream,No real stream URL,,0,example.invalid,https://example.invalid/iptv-no-stream/AlfathTV.eg
2026-08-30 10:13:30 UTC,Egypt,AlHadath Alyoum,AlHadathAlyoum.eg,unavailable,Not tested — no public stream,No real stream URL,,0,example.invalid,https://example.invalid/iptv-no-stream/AlHadathAlyoum.eg
2026-08-30 10:13:30 UTC,Egypt,Alhayat Drama,AlhayatDrama.eg,unavailable,Not tested — no public stream,No real stream URL,,0,example.invalid,https://example.invalid/iptv-no-stream/AlhayatDrama.eg
2026-08-30 10:13:30 UTC,Egypt,Alhayat TV,AlhayatTV.eg,unavailable,Not tested — no public stream,No real stream URL,,0,example.invalid,https://example.invalid/iptv-no-stream/AlhayatTV.eg
2026-08-30 10:13:30 UTC,Egypt,Alkofiya TV,AlkofiyaTV.eg,unavailable,Not tested — no public stream,No real stream URL,,0,example.invalid,https://example.invalid/iptv-no-stream/AlkofiyaTV.eg
2026-08-30 10:13:30 UTC,Egypt,AlShoub,AlShoub.eg,unavailable,Not tested — no public stream,No real stream URL,,0,example.invalid,https://example.invalid/iptv-no-stream/AlShoub.eg
2026-08-30 10:13:30 UTC,Egypt,CAF TV,CAFTV.eg,unavailable,Not tested — no public stream,No real stream URL,,0,example.invalid,https://example.invalid/iptv-no-stream/CAFTV.eg
2026-08-30 10:13:30 UTC,Egypt,CBC (576p),CBC.eg@SD,available,Working,audio+video,5529,1,flu.systemnet.tv,https://flu.systemnet.tv/CBC/index.m3u8
2026-08-30 10:13:30 UTC,Egypt,CBC Drama (576p),CBCDrama.eg@SD,available,Working,audio,5222,1,flu.systemnet.tv,https://flu.systemnet.tv/CBCDrama/index.m3u8
2026-08-30 10:13:30 UTC,Egypt,CBC Sofra (576p),CBCSofra.eg@SD,available,Working,audio,5179,1,flu.systemnet.tv,https://flu.systemnet.tv/CBCSofra/index.m3u8
2026-08-30 10:13:30 UTC,Egypt,Cima,Cima.eg,unavailable,Not tested — no public stream,No real stream URL,,0,example.invalid,https://example.invalid/iptv-no-stream/Cima.eg
2026-08-30 10:13:30 UTC,Egypt,Cookies Kids,CookiesKids.eg,unavailable,Not tested — no public stream,No real stream URL,,0,example.invalid,https://example.invalid/iptv-no-stream/CookiesKids.eg
2026-08-30 10:13:30 UTC,Egypt,Coptic TV (720p) [Not 24/7],CopticTV.eg@SD,available,Working,audio+video,2171,1,ctv.icopts.app,https://ctv.icopts.app/CTV/index.fmp4.m3u8
2026-08-30 10:13:30 UTC,Egypt,DMC,DMC.eg,unavailable,Not tested — no public stream,No real stream URL,,0,example.invalid,https://example.invalid/iptv-no-stream/DMC.eg
2026-08-30 10:13:30 UTC,Egypt,DMC Drama,DMCDrama.eg,unavailable,Not tested — no public stream,No real stream URL,,0,example.invalid,https://example.invalid/iptv-no-stream/DMCDrama.eg
2026-08-30 10:13:30 UTC,Egypt,Egypt Quran Kareem,EgyptQuranKareem.eg,unavailable,Not tested — no public stream,No real stream URL,,0,example.invalid,https://example.invalid/iptv-no-stream/EgyptQuranKareem.eg
2026-08-30 10:13:30 UTC,Egypt,Egyptian TV,EgyptianTV.eg,unavailable,Not tested — no public stream,No real stream URL,,0,example.invalid,https://example.invalid/iptv-no-stream/EgyptianTV.eg
2026-08-30 10:13:30 UTC,Egypt,El Mehwar Channel,ElMehwarChannel.eg,unavailable,Not tested — no public stream,No real stream URL,,0,example.invalid,https://example.invalid/iptv-no-stream/ElMehwarChannel.eg
2026-08-30 10:13:30 UTC,Egypt,El Moled,ElMoled.eg,unavailable,Not tested — no public stream,No real stream URL,,0,example.invalid,https://example.invalid/iptv-no-stream/ElMoled.eg
2026-08-30 10:13:30 UTC,Egypt,El Radio 9090 FM (480p),ElRadio9090FM.eg@SD,available,Working,audio+video,2881,1,9090video.mobtada.com,https://9090video.mobtada.com/hls/stream.m3u8
2026-08-30 10:13:30 UTC,Egypt,Elnas TV,ElnasTV.eg,unavailable,Not tested — no public stream,No real stream URL,,0,example.invalid,https://example.invalid/iptv-no-stream/ElnasTV.eg
2026-08-30 10:13:30 UTC,Egypt,ERTU 1,ERTU1.eg,unavailable,Not tested — no public stream,No real stream URL,,0,example.invalid,https://example.invalid/iptv-no-stream/ERTU1.eg
2026-08-30 10:13:30 UTC,Egypt,ERTU 2,ERTU2.eg,unavailable,Not tested — no public stream,No real stream URL,,0,example.invalid,https://example.invalid/iptv-no-stream/ERTU2.eg
2026-08-30 10:13:30 UTC,Egypt,ERTU 3 Al Kahera,ERTU3AlKahera.eg,unavailable,Not tested — no public stream,No real stream URL,,0,example.invalid,https://example.invalid/iptv-no-stream/ERTU3AlKahera.eg
2026-08-30 10:13:30 UTC,Egypt,ERTU 4 Al Kanal,ERTU4AlKanal.eg,unavailable,Not tested — no public stream,No real stream URL,,0,example.invalid,https://example.invalid/iptv-no-stream/ERTU4AlKanal.eg
2026-08-30 10:13:30 UTC,Egypt,ERTU 5 Al Askandria,ERTU5AlAskandria.eg,unavailable,Not tested — no public stream,No real stream URL,,0,example.invalid,https://example.invalid/iptv-no-stream/ERTU5AlAskandria.eg
2026-08-30 10:13:30 UTC,Egypt,ERTU 6 Al Delta,ERTU6AlDelta.eg,unavailable,Not tested — no public stream,No real stream URL,,0,example.invalid,https://example.invalid/iptv-no-stream/ERTU6AlDelta.eg
2026-08-30 10:13:30 UTC,Egypt,ERTU 7 Al Saeed,ERTU7AlSaeed.eg,unavailable,Not tested — no public stream,No real stream URL,,0,example.invalid,https://example.invalid/iptv-no-stream/ERTU7AlSaeed.eg
2026-08-30 10:13:30 UTC,Egypt,ERTU 8 Teba,ERTU8Teba.eg,unavailable,Not tested — no public stream,No real stream URL,,0,example.invalid,https://example.invalid/iptv-no-stream/ERTU8Teba.eg
2026-08-30 10:13:30 UTC,Egypt,ETC TV,ETCTV.eg,unavailable,Not tested — no public stream,No real stream URL,,0,example.invalid,https://example.invalid/iptv-no-stream/ETCTV.eg
2026-08-30 10:13:30 UTC,Egypt,Extra Live,ExtraLive.eg,unavailable,Not tested — no public stream,No real stream URL,,0,example.invalid,https://example.invalid/iptv-no-stream/ExtraLive.eg
2026-08-30 10:13:30 UTC,Egypt,Extra News,ExtraNews.eg,unavailable,Not tested — no public stream,No real stream URL,,0,example.invalid,https://example.invalid/iptv-no-stream/ExtraNews.eg
2026-08-30 10:13:30 UTC,Egypt,Fox Movies,FoxMovies.eg,unavailable,Not tested — no public stream,No real stream URL,,0,example.invalid,https://example.invalid/iptv-no-stream/FoxMovies.eg
2026-08-30 10:13:30 UTC,Egypt,Free TV,FreeTV.eg,unavailable,Not tested — no public stream,No real stream URL,,0,example.invalid,https://example.invalid/iptv-no-stream/FreeTV.eg
2026-08-30 10:13:30 UTC,Egypt,GUC TV,GUCTV.eg,unavailable,Not tested — no public stream,No real stream URL,,0,example.invalid,https://example.invalid/iptv-no-stream/GUCTV.eg
2026-08-30 10:13:30 UTC,Egypt,HBC,HBC.eg,unavailable,Not tested — no public stream,No real stream URL,,0,example.invalid,https://example.invalid/iptv-no-stream/HBC.eg
2026-08-30 10:13:30 UTC,Egypt,Huda TV (720p) [Not 24/7],HudaTV.eg@SD,available,Working,audio+video,2909,1,cdn.bestream.io,https://cdn.bestream.io:19360/elfaro1/elfaro1.m3u8
2026-08-30 10:13:30 UTC,Egypt,Hya TV,HyaTV.eg,unavailable,Not tested — no public stream,No real stream URL,,0,example.invalid,https://example.invalid/iptv-no-stream/HyaTV.eg
2026-08-30 10:13:30 UTC,Egypt,Koogi TV (1080p),KoogiTV.eg@SD,available,Working,audio+video,2303,1,5d658d7e9f562.streamlock.net,https://5d658d7e9f562.streamlock.net/koogi.tv/koogi.smil/playlist.m3u8
2026-08-30 10:13:30 UTC,Egypt,Madrasetna 1,Madrasetna1.eg,unavailable,Not tested — no public stream,No real stream URL,,0,example.invalid,https://example.invalid/iptv-no-stream/Madrasetna1.eg
2026-08-30 10:13:30 UTC,Egypt,Madrasetna 2,Madrasetna2.eg,unavailable,Not tested — no public stream,No real stream URL,,0,example.invalid,https://example.invalid/iptv-no-stream/Madrasetna2.eg
2026-08-30 10:13:30 UTC,Egypt,Madrasetna 3,Madrasetna3.eg,unavailable,Not tested — no public stream,No real stream URL,,0,example.invalid,https://example.invalid/iptv-no-stream/Madrasetna3.eg
2026-08-30 10:13:30 UTC,Egypt,Maspero Zaman,MasperoZaman.eg,unavailable,Not tested — no public stream,No real stream URL,,0,example.invalid,https://example.invalid/iptv-no-stream/MasperoZaman.eg
2026-08-30 10:13:30 UTC,Egypt,Masr Om Eldonia,MasrOmEldonia.eg,unavailable,Not tested — no public stream,No real stream URL,,0,example.invalid,https://example.invalid/iptv-no-stream/MasrOmEldonia.eg
2026-08-30 10:13:30 UTC,Egypt,Mawda TV,MawdaTV.eg,unavailable,Not tested — no public stream,No real stream URL,,0,example.invalid,https://example.invalid/iptv-no-stream/MawdaTV.eg
2026-08-30 10:13:30 UTC,Egypt,Mazzika (576p),Mazzika.eg@SD,available,Working,audio,1458,1,149.100.11.235,http://149.100.11.235:8080/Mazzika/index.m3u8
2026-08-30 10:13:30 UTC,Egypt,MBC 1 Egypt (1080p),MBC1Egypt.eg@HD,available,Working,audio+video,9662,1,shd-gcp-live.edgenextcdn.net,https://shd-gcp-live.edgenextcdn.net/live/bitmovin-mbc-1-na/eec141533c90dd34722c503a296dd0d8/index.m3u8
2026-08-30 10:13:30 UTC,Egypt,MBC Masr (1080p),MBCMasr.eg@SD,available,Working,audio+video,9347,1,shd-gcp-live.edgenextcdn.net,https://shd-gcp-live.edgenextcdn.net/live/bitmovin-mbc-masr/956eac069c78a35d47245db6cdbb1575/index.m3u8
2026-08-30 10:13:30 UTC,Egypt,MBC Masr 2 (1080p),MBCMasr2.eg@SD,available,Working,audio+video,8310,1,shd-gcp-live.edgenextcdn.net,https://shd-gcp-live.edgenextcdn.net/live/bitmovin-mbc-masr-2/754931856515075b0aabf0e583495c68/index.m3u8
2026-08-30 10:13:30 UTC,Egypt,Melody Classic,MelodyClassic.eg,unavailable,Not tested — no public stream,No real stream URL,,0,example.invalid,https://example.invalid/iptv-no-stream/MelodyClassic.eg
2026-08-30 10:13:30 UTC,Egypt,Menhag TV,MenhagTV.eg,unavailable,Not tested — no public stream,No real stream URL,,0,example.invalid,https://example.invalid/iptv-no-stream/MenhagTV.eg
2026-08-30 10:13:30 UTC,Egypt,MESat,MESat.eg,unavailable,Not tested — no public stream,No real stream URL,,0,example.invalid,https://example.invalid/iptv-no-stream/MESat.eg
2026-08-30 10:13:30 UTC,Egypt,Misr Al Zeraya,MisrAlZeraya.eg,unavailable,Not tested — no public stream,No real stream URL,,0,example.invalid,https://example.invalid/iptv-no-stream/MisrAlZeraya.eg
2026-08-30 10:13:30 UTC,Egypt,Misr AlBalad,MisrAlBalad.eg,unavailable,Not tested — no public stream,No real stream URL,,0,example.invalid,https://example.invalid/iptv-no-stream/MisrAlBalad.eg
2026-08-30 10:13:30 UTC,Egypt,Mix Bel Araby,MixBelAraby.eg,unavailable,Not tested — no public stream,No real stream URL,,0,example.invalid,https://example.invalid/iptv-no-stream/MixBelAraby.eg
2026-08-30 10:13:30 UTC,Egypt,Mix Hollywood (1080p),MixHollywood.eg@SD,available,Working,audio+video,15664,1,ml-pull-hwc.myco.io,https://ml-pull-hwc.myco.io/MixTV/hls/index.m3u8
2026-08-30 10:13:30 UTC,Egypt,Nile Cinema,NileCinema.eg,unavailable,Not tested — no public stream,No real stream URL,,0,example.invalid,https://example.invalid/iptv-no-stream/NileCinema.eg
2026-08-30 10:13:30 UTC,Egypt,Nile Comedy,NileComedy.eg,unavailable,Not tested — no public stream,No real stream URL,,0,example.invalid,https://example.invalid/iptv-no-stream/NileComedy.eg
2026-08-30 10:13:30 UTC,Egypt,Nile Culture,NileCulture.eg,unavailable,Not tested — no public stream,No real stream URL,,0,example.invalid,https://example.invalid/iptv-no-stream/NileCulture.eg
2026-08-30 10:13:30 UTC,Egypt,Nile Drama,NileDrama.eg,unavailable,Not tested — no public stream,No real stream URL,,0,example.invalid,https://example.invalid/iptv-no-stream/NileDrama.eg
2026-08-30 10:13:30 UTC,Egypt,Nile Education Channel,NileEducationChannel.eg,unavailable,Not tested — no public stream,No real stream URL,,0,example.invalid,https://example.invalid/iptv-no-stream/NileEducationChannel.eg
2026-08-30 10:13:30 UTC,Egypt,Nile Family,NileFamily.eg,unavailable,Not tested — no public stream,No real stream URL,,0,example.invalid,https://example.invalid/iptv-no-stream/NileFamily.eg
2026-08-30 10:13:30 UTC,Egypt,Nile Life,NileLife.eg,unavailable,Not tested — no public stream,No real stream URL,,0,example.invalid,https://example.invalid/iptv-no-stream/NileLife.eg
2026-08-30 10:13:30 UTC,Egypt,Nile News,NileNews.eg,unavailable,Not tested — no public stream,No real stream URL,,0,example.invalid,https://example.invalid/iptv-no-stream/NileNews.eg
2026-08-30 10:13:30 UTC,Egypt,Nile Sport,NileSport.eg,unavailable,Not tested — no public stream,No real stream URL,,0,example.invalid,https://example.invalid/iptv-no-stream/NileSport.eg
2026-08-30 10:13:30 UTC,Egypt,Nile TV International,NileTVInternational.eg,unavailable,Not tested — no public stream,No real stream URL,,0,example.invalid,https://example.invalid/iptv-no-stream/NileTVInternational.eg
2026-08-30 10:13:30 UTC,Egypt,Noble TV,NobleTV.eg,unavailable,Not tested — no public stream,No real stream URL,,0,example.invalid,https://example.invalid/iptv-no-stream/NobleTV.eg
2026-08-30 10:13:30 UTC,Egypt,NogoumFMTV (672p) [Not 24/7],NogoumFMTV.eg@SD,available,Restricted (403),https://nogoumtv.nrpstream.com/hls/stream.m3u8: Server returned 403 Forbidden (access denied),115,2,nogoumtv.nrpstream.com,https://nogoumtv.nrpstream.com/hls/stream.m3u8
2026-08-30 10:13:30 UTC,Egypt,Omg Channel,OmgChannel.eg,unavailable,Not tested — no public stream,No real stream URL,,0,example.invalid,https://example.invalid/iptv-no-stream/OmgChannel.eg
2026-08-30 10:13:30 UTC,Egypt,Omg Series,OmgSeries.eg,unavailable,Not tested — no public stream,No real stream URL,,0,example.invalid,https://example.invalid/iptv-no-stream/OmgSeries.eg
2026-08-30 10:13:30 UTC,Egypt,On Drama,OnDrama.eg,unavailable,Not tested — no public stream,No real stream URL,,0,example.invalid,https://example.invalid/iptv-no-stream/OnDrama.eg
2026-08-30 10:13:30 UTC,Egypt,On E,OnE.eg,unavailable,Not tested — no public stream,No real stream URL,,0,example.invalid,https://example.invalid/iptv-no-stream/OnE.eg
2026-08-30 10:13:30 UTC,Egypt,One Movies,OneMovies.eg,unavailable,Not tested — no public stream,No real stream URL,,0,example.invalid,https://example.invalid/iptv-no-stream/OneMovies.eg
2026-08-30 10:13:30 UTC,Egypt,OnTime Sports,OnTimeSports.eg,unavailable,Not tested — no public stream,No real stream URL,,0,example.invalid,https://example.invalid/iptv-no-stream/OnTimeSports.eg
2026-08-30 10:13:30 UTC,Egypt,OnTime Sports 2,OnTimeSports2.eg,unavailable,Not tested — no public stream,No real stream URL,,0,example.invalid,https://example.invalid/iptv-no-stream/OnTimeSports2.eg
2026-08-30 10:13:30 UTC,Egypt,OnTime Sports 3,OnTimeSports3.eg,unavailable,Not tested — no public stream,No real stream URL,,0,example.invalid,https://example.invalid/iptv-no-stream/OnTimeSports3.eg
2026-08-30 10:13:30 UTC,Egypt,PNC Drama,PNCDrama.eg,unavailable,Not tested — no public stream,No real stream URL,,0,example.invalid,https://example.invalid/iptv-no-stream/PNCDrama.eg
2026-08-30 10:13:30 UTC,Egypt,PNC Drama 2,PNCDrama2.eg,unavailable,Not tested — no public stream,No real stream URL,,0,example.invalid,https://example.invalid/iptv-no-stream/PNCDrama2.eg
2026-08-30 10:13:30 UTC,Egypt,PNC Film,PNCFilm.eg,unavailable,Not tested — no public stream,No real stream URL,,0,example.invalid,https://example.invalid/iptv-no-stream/PNCFilm.eg
2026-08-30 10:13:30 UTC,Egypt,PNC Food,PNCFood.eg,unavailable,Not tested — no public stream,No real stream URL,,0,example.invalid,https://example.invalid/iptv-no-stream/PNCFood.eg
2026-08-30 10:13:30 UTC,Egypt,PNC Yom,PNCYom.eg,unavailable,Not tested — no public stream,No real stream URL,,0,example.invalid,https://example.invalid/iptv-no-stream/PNCYom.eg
2026-08-30 10:13:30 UTC,Egypt,Rotana Cinema Egypt (1080p) [Geo-blocked],RotanaCinemaEgypt.eg@SD,available,Restricted (403),https://rotana.hibridcdn.net/rotananet/cinemamasr_net-7Y83PP5adWixDF93/playlist.m3u8: Server returned 403 Forbidden (access denied),296,2,rotana.hibridcdn.net,https://rotana.hibridcdn.net/rotananet/cinemamasr_net-7Y83PP5adWixDF93/playlist.m3u8
2026-08-30 10:13:30 UTC,Egypt,Sada Elbalad,SadaElbalad.eg,unavailable,Not tested — no public stream,No real stream URL,,0,example.invalid,https://example.invalid/iptv-no-stream/SadaElbalad.eg
2026-08-30 10:13:30 UTC,Egypt,Sada Elbalad 2,SadaElbalad2.eg,unavailable,Not tested — no public stream,No real stream URL,,0,example.invalid,https://example.invalid/iptv-no-stream/SadaElbalad2.eg
2026-08-30 10:13:30 UTC,Egypt,Sada Elbalad Drama,SadaElbaladDrama.eg,unavailable,Not tested — no public stream,No real stream URL,,0,example.invalid,https://example.invalid/iptv-no-stream/SadaElbaladDrama.eg
2026-08-30 10:13:30 UTC,Egypt,Safa TV,SafaTV.eg,unavailable,Not tested — no public stream,No real stream URL,,0,example.invalid,https://example.invalid/iptv-no-stream/SafaTV.eg
2026-08-30 10:13:30 UTC,Egypt,Shaabeyat,Shaabeyat.eg,unavailable,Not tested — no public stream,No real stream URL,,0,example.invalid,https://example.invalid/iptv-no-stream/Shaabeyat.eg
2026-08-30 10:13:30 UTC,Egypt,Sout Masr,SoutMasr.eg,unavailable,Not tested — no public stream,No real stream URL,,0,example.invalid,https://example.invalid/iptv-no-stream/SoutMasr.eg
2026-08-30 10:13:30 UTC,Egypt,Sowt Al-Arab TV,SowtAlArabTV.eg,unavailable,Not tested — no public stream,No real stream URL,,0,example.invalid,https://example.invalid/iptv-no-stream/SowtAlArabTV.eg
2026-08-30 10:13:30 UTC,Egypt,TeN,TeN.eg,unavailable,Not tested — no public stream,No real stream URL,,0,example.invalid,https://example.invalid/iptv-no-stream/TeN.eg
2026-08-30 10:13:30 UTC,Egypt,The Kingdom Sat,TheKingdomSat.eg,unavailable,Not tested — no public stream,No real stream URL,,0,example.invalid,https://example.invalid/iptv-no-stream/TheKingdomSat.eg
2026-08-30 10:13:30 UTC,Egypt,Watan TV (1080p),WatanTV.eg@SD,available,Working,audio+video,2948,1,rp.tactivemedia.com,https://rp.tactivemedia.com/watantv_source/live/playlist.m3u8
2026-08-30 10:13:30 UTC,Egypt,Zamalek TV,ZamalekTV.eg,unavailable,Not tested — no public stream,No real stream URL,,0,example.invalid,https://example.invalid/iptv-no-stream/ZamalekTV.eg
2026-08-30 10:13:30 UTC,Egypt,Zilzal Classic,ZilzalClassic.eg,unavailable,Not tested — no public stream,No real stream URL,,0,example.invalid,https://example.invalid/iptv-no-stream/ZilzalClassic.eg
2026-08-30 10:13:30 UTC,Iraq,7 Sky,7Sky.iq,unavailable,Not tested — no public stream,No real stream URL,,0,example.invalid,https://example.invalid/iptv-no-stream/7Sky.iq
2026-08-30 10:13:30 UTC,Iraq,ABNsat (720p),ABNsat.iq@SD,available,Working,audio+video,966,1,mediaserver.abnvideos.com,https://mediaserver.abnvideos.com/streams/abnsat.m3u8
2026-08-30 10:13:30 UTC,Iraq,Afaq TV,AfaqTV.iq@SD,available,Working,audio+video,2739,1,stream.afaq.iq,https://stream.afaq.iq/live/channel/afaqtv/playlist.m3u8
2026-08-30 10:13:30 UTC,Iraq,Afarin Baxcha (1080p),AfarinBaxcha.iq@SD,available,Working,audio+video,2235,1,5dcabf026b188.streamlock.net,https://5dcabf026b188.streamlock.net/afarinTV/livestream/playlist.m3u8
2026-08-30 10:13:30 UTC,Iraq,Afarin TV (720p) [Not 24/7],AfarinTV.iq@SD,available,Working,audio+video,4828,1,65f16f0fdfc51.streamlock.net,https://65f16f0fdfc51.streamlock.net/afarinTV/livestream/playlist.m3u8
2026-08-30 10:13:30 UTC,Iraq,Al Ayyam TV,AlAyyamTV.iq,unavailable,Not tested — no public stream,No real stream URL,,0,example.invalid,https://example.invalid/iptv-no-stream/AlAyyamTV.iq
2026-08-30 10:13:30 UTC,Iraq,Al Diwaniyah,AlDiwaniyah.iq,unavailable,Not tested — no public stream,No real stream URL,,0,example.invalid,https://example.invalid/iptv-no-stream/AlDiwaniyah.iq
2026-08-30 10:13:30 UTC,Iraq,Al Eshraq TV,AlEshraqTV.iq,unavailable,Not tested — no public stream,No real stream URL,,0,example.invalid,https://example.invalid/iptv-no-stream/AlEshraqTV.iq
2026-08-30 10:13:30 UTC,Iraq,Al Fallujah TV,AlFallujahTV.iq,unavailable,Not tested — no public stream,No real stream URL,,0,example.invalid,https://example.invalid/iptv-no-stream/AlFallujahTV.iq
2026-08-30 10:13:30 UTC,Iraq,Al Forat TV,AlForatTV.iq,unavailable,Not tested — no public stream,No real stream URL,,0,example.invalid,https://example.invalid/iptv-no-stream/AlForatTV.iq
2026-08-30 10:13:30 UTC,Iraq,Al Iraqia (1080p),AlIraqia.iq@SD,available,Working,audio+video,3618,1,imn-live.esite-lab.com,https://imn-live.esite-lab.com/hls/iraqia-general.m3u8
2026-08-30 10:13:30 UTC,Iraq,Al Iraqia Kurdish (720p),AlIraqiaKurdish.iq@HD,available,Working,audio+video,3544,1,imn-live.esite-lab.com,https://imn-live.esite-lab.com/hls/iraqia-kurdish.m3u8
2026-08-30 10:13:30 UTC,Iraq,Al Iraqia News (720p),AlIraqiaNews.iq@SD,available,Working,audio+video,3568,1,imn-live.esite-lab.com,https://imn-live.esite-lab.com/hls/iraqia-news.m3u8
2026-08-30 10:13:30 UTC,Iraq,Al Iraqia Sport (720p),AlIraqiaSport.iq@SD,available,Working,audio+video,2923,1,imn-live.esite-lab.com,https://imn-live.esite-lab.com/hls/iraqia-sports-1.m3u8
2026-08-30 10:13:30 UTC,Iraq,Al Janoub TV,AlJanoubTV.iq@SD,available,Not found (404),https://live.alissahost.net/hls/test.m3u8: Server returned 404 Not Found,924,2,live.alissahost.net,https://live.alissahost.net/hls/test.m3u8
2026-08-30 10:13:30 UTC,Iraq,Al Mawsleya TV,AlMawsleyaTV.iq,unavailable,Not tested — no public stream,No real stream URL,,0,example.invalid,https://example.invalid/iptv-no-stream/AlMawsleyaTV.iq
2026-08-30 10:13:30 UTC,Iraq,Al Rabiaa TV,AlRabiaaTV.iq,unavailable,Not tested — no public stream,No real stream URL,,0,example.invalid,https://example.invalid/iptv-no-stream/AlRabiaaTV.iq
2026-08-30 10:13:30 UTC,Iraq,Al Rasheed TV (1080p) [Not 24/7],AlRasheedTV.iq@SD,available,Working,audio+video,3949,1,media1.livaat.com,https://media1.livaat.com/static/AL-RASHEED-HD/playlist.m3u8
2026-08-30 10:13:30 UTC,Iraq,Al Salam TV,AlSalamTV.iq,unavailable,Not tested — no public stream,No real stream URL,,0,example.invalid,https://example.invalid/iptv-no-stream/AlSalamTV.iq
2026-08-30 10:13:30 UTC,Iraq,Al Sharqiya (1080p),AlSharqiya.iq@SD,available,Working,audio+video,1797,1,185.9.2.18,http://185.9.2.18/chid_144/index.m3u8
2026-08-30 10:13:30 UTC,Iraq,Al-Sharqiya News (1080p),AlSharqiyaNews.iq@SD,available,Working,audio+video,3095,1,5d94523502c2d.streamlock.net,https://5d94523502c2d.streamlock.net/alsharqiyalive/mystream/playlist.m3u8
2026-08-30 10:13:30 UTC,Iraq,Al-Aimma TV (1080p),AlAimmaTV.iq@SD,available,Working,audio+video,2834,1,alaimma.tv,https://alaimma.tv/live/index.m3u8
2026-08-30 10:13:30 UTC,Iraq,Al-Baghdadia 1,AlBaghdadia1.iq,unavailable,Not tested — no public stream,No real stream URL,,0,example.invalid,https://example.invalid/iptv-no-stream/AlBaghdadia1.iq
2026-08-30 10:13:30 UTC,Iraq,Al-Baghdadia 2,AlBaghdadia2.iq,unavailable,Not tested — no public stream,No real stream URL,,0,example.invalid,https://example.invalid/iptv-no-stream/AlBaghdadia2.iq
2026-08-30 10:13:30 UTC,Iraq,Al-Etejah,AlEtejah.iq,unavailable,Not tested — no public stream,No real stream URL,,0,example.invalid,https://example.invalid/iptv-no-stream/AlEtejah.iq
2026-08-30 10:13:30 UTC,Iraq,Al-Etejah Satellite Channel,AlEtejahSatelliteChannel.iq,unavailable,Not tested — no public stream,No real stream URL,,0,example.invalid,https://example.invalid/iptv-no-stream/AlEtejahSatelliteChannel.iq
2026-08-30 10:13:30 UTC,Iraq,Al-Jawadain TV (1080p) [Not 24/7],AlJawadainTV.iq@SD,available,Working,audio+video,3411,1,live.aljawadain.org,https://live.aljawadain.org/live/aljawadaintv/playlist.m3u8
2026-08-30 10:13:30 UTC,Iraq,Al-Masar Al-Oula Satellite Channel,AlMasarAlOulaSatelliteChannel.iq,unavailable,Not tested — no public stream,No real stream URL,,0,example.invalid,https://example.invalid/iptv-no-stream/AlMasarAlOulaSatelliteChannel.iq
2026-08-30 10:13:30 UTC,Iraq,Al-Naeem TV,AlNaeemTV.iq@SD,available,Working,audio+video,4042,1,37.238.136.61,http://37.238.136.61/hls/stream.m3u8
2026-08-30 10:13:30 UTC,Iraq,Al-Nujaba TV,AlNujabaTV.iq,unavailable,Not tested — no public stream,No real stream URL,,0,example.invalid,https://example.invalid/iptv-no-stream/AlNujabaTV.iq
2026-08-30 10:13:30 UTC,Iraq,Alabbassia TV (1080p),AlabbassiaTV.iq@HD,available,Working,audio+video,3075,1,stream.alabbassia.com,https://stream.alabbassia.com/live/alabbassia/index.m3u8
2026-08-30 10:13:30 UTC,Iraq,Alahad TV,AlahadTV.iq,unavailable,Not tested — no public stream,No real stream URL,,0,example.invalid,https://example.invalid/iptv-no-stream/AlahadTV.iq
2026-08-30 10:13:30 UTC,Iraq,Alawla TV,AlawlaTV.iq@SD,available,Working,audio+video,8783,1,live.alawla.tv,https://live.alawla.tv/hls/stream.m3u8
2026-08-30 10:13:30 UTC,Iraq,Alebaa TV,AlebaaTV.iq,unavailable,Not tested — no public stream,No real stream URL,,0,example.invalid,https://example.invalid/iptv-no-stream/AlebaaTV.iq
2026-08-30 10:13:30 UTC,Iraq,Alghadeer TV (1080p),AlghadeerTV.iq@SD,available,Working,audio+video,5883,1,sd343444.vodu.store,https://sd343444.vodu.store:3356/live/Alghadeer/index.m3u8
2026-08-30 10:13:30 UTC,Iraq,Alkafeel: Between the two holy shrines,AlkafeelBetweenthetwoholyshrines.iq,unavailable,Not tested — no public stream,No real stream URL,,0,example.invalid,https://example.invalid/iptv-no-stream/AlkafeelBetweenthetwoholyshrines.iq
2026-08-30 10:13:30 UTC,Iraq,Alkafeel: The entrance of the holy sanctuary,AlkafeelTheentranceoftheholysanctuary.iq,unavailable,Not tested — no public stream,No real stream URL,,0,example.invalid,https://example.invalid/iptv-no-stream/AlkafeelTheentranceoftheholysanctuary.iq
2026-08-30 10:13:30 UTC,Iraq,Alkafeel: The Holy Tomb,AlkafeelTheHolyTomb.iq,unavailable,Not tested — no public stream,No real stream URL,,0,example.invalid,https://example.invalid/iptv-no-stream/AlkafeelTheHolyTomb.iq
2026-08-30 10:13:30 UTC,Iraq,Alkafeel: The window of Al-Kafeel,AlkafeelThewindowofAlKafeel.iq,unavailable,Not tested — no public stream,No real stream URL,,0,example.invalid,https://example.invalid/iptv-no-stream/AlkafeelThewindowofAlKafeel.iq
2026-08-30 10:13:30 UTC,Iraq,AlKomail Satellite Channel,AlKomailSatelliteChannel.iq,unavailable,Not tested — no public stream,No real stream URL,,0,example.invalid,https://example.invalid/iptv-no-stream/AlKomailSatelliteChannel.iq
2026-08-30 10:13:30 UTC,Iraq,Alquran (1080p),Alquran.iq@SD,available,Working,audio+video,2361,1,ktvlive.online,https://ktvlive.online/stream/hls/ch1.m3u8
2026-08-30 10:13:30 UTC,Iraq,Alshaaer TV,AlshaaerTV.iq,unavailable,Not tested — no public stream,No real stream URL,,0,example.invalid,https://example.invalid/iptv-no-stream/AlshaaerTV.iq
2026-08-30 10:13:30 UTC,Iraq,Alsumaria,Alsumaria.iq,unavailable,Not tested — no public stream,No real stream URL,,0,example.invalid,https://example.invalid/iptv-no-stream/Alsumaria.iq
2026-08-30 10:13:30 UTC,Iraq,Altaleaa TV,AltaleaaTV.iq,unavailable,Not tested — no public stream,No real stream URL,,0,example.invalid,https://example.invalid/iptv-no-stream/AltaleaaTV.iq
2026-08-30 10:13:30 UTC,Iraq,Amozhgary TV,AmozhgaryTV.iq@SD,available,Working,audio+video,4587,1,app-live.org,https://app-live.org/live/3268334b/index.m3u8
2026-08-30 10:13:30 UTC,Iraq,Anbar TV Channel,AnbarTVChannel.iq,unavailable,Not tested — no public stream,No real stream URL,,0,example.invalid,https://example.invalid/iptv-no-stream/AnbarTVChannel.iq
2026-08-30 10:13:30 UTC,Iraq,Anwar TV2 (720p),AnwarTV2.iq@SD,available,Working,audio+video,2010,1,cloud.odysee.live,https://cloud.odysee.live/content/f92670235a1ce2bce4cf77671cc4dcc2188baa1d/master.m3u8
2026-08-30 10:13:30 UTC,Iraq,Ava Entertainment,AvaEntertainment.iq,unavailable,Not tested — no public stream,No real stream URL,,0,example.invalid,https://example.invalid/iptv-no-stream/AvaEntertainment.iq
2026-08-30 10:13:30 UTC,Iraq,Avar TV (1080p),AvarTV.iq@HD,available,Working,audio+video,1872,1,avr.host247.net,https://avr.host247.net/live/AvarTv/playlist.m3u8
2026-08-30 10:13:30 UTC,Iraq,Babylon TV,BabylonTV.iq,unavailable,Not tested — no public stream,No real stream URL,,0,example.invalid,https://example.invalid/iptv-no-stream/BabylonTV.iq
2026-08-30 10:13:30 UTC,Iraq,Bangawaz TV,BangawazTV.iq,unavailable,Not tested — no public stream,No real stream URL,,0,example.invalid,https://example.invalid/iptv-no-stream/BangawazTV.iq
2026-08-30 10:13:30 UTC,Iraq,Bayyinat TV,BayyinatTV.iq,unavailable,Not tested — no public stream,No real stream URL,,0,example.invalid,https://example.invalid/iptv-no-stream/BayyinatTV.iq
2026-08-30 10:13:30 UTC,Iraq,BeitolAbbas TV Channel (720p),BeitolAbbasTVChannel.iq@SD,available,Working,audio+video,2846,1,live.beitolabbas.tv,https://live.beitolabbas.tv/live/beitolabbastv.m3u8
2026-08-30 10:13:30 UTC,Iraq,Beladi Satellite TV,BeladiSatelliteTV.iq,unavailable,Not tested — no public stream,No real stream URL,,0,example.invalid,https://example.invalid/iptv-no-stream/BeladiSatelliteTV.iq
2026-08-30 10:13:30 UTC,Iraq,Channel 8 Kurdish (720p),Channel8.iq@SD,available,Restricted (403),https://live.channel8.com/Channel8-Kurdish/index.fmp4.m3u8: Server returned 403 Forbidden (access denied),1715,2,live.channel8.com,https://live.channel8.com/Channel8-Kurdish/index.fmp4.m3u8
2026-08-30 10:13:30 UTC,Iraq,Cihan TV,CihanTV.iq,unavailable,Not tested — no public stream,No real stream URL,,0,example.invalid,https://example.invalid/iptv-no-stream/CihanTV.iq
2026-08-30 10:13:30 UTC,Iraq,Dijlah Tarab,DijlahTarab.iq,unavailable,Not tested — no public stream,No real stream URL,,0,example.invalid,https://example.invalid/iptv-no-stream/DijlahTarab.iq
2026-08-30 10:13:30 UTC,Iraq,Dijlah TV (1080p),DijlahTV.iq@SD,available,Working,audio+video,3502,1,ghaasiflu.online,https://ghaasiflu.online/Dijlah/index.m3u8
2026-08-30 10:13:30 UTC,Iraq,Dijlah Zaman,DijlahZaman.iq,unavailable,Not tested — no public stream,No real stream URL,,0,example.invalid,https://example.invalid/iptv-no-stream/DijlahZaman.iq
2026-08-30 10:13:30 UTC,Iraq,Diwan TV,DiwanTV.iq,unavailable,Not tested — no public stream,No real stream URL,,0,example.invalid,https://example.invalid/iptv-no-stream/DiwanTV.iq
2026-08-30 10:13:30 UTC,Iraq,Dua TV,DuaTV.iq,unavailable,Not tested — no public stream,No real stream URL,,0,example.invalid,https://example.invalid/iptv-no-stream/DuaTV.iq
2026-08-30 10:13:30 UTC,Iraq,EmanTv (1080p),EmanTv.iq@HD,available,Working,audio+video,1408,1,avr.host247.net,https://avr.host247.net/live/emantv/playlist.m3u8
2026-08-30 10:13:30 UTC,Iraq,FarmodaTV (1080p),FarmodaTV.iq@HD,available,Working,audio+video,1461,1,avr.host247.net,https://avr.host247.net/live/FarmodaTV/playlist.m3u8
2026-08-30 10:13:30 UTC,Iraq,Gali Kurdistan,GaliKurdistan.iq,unavailable,Not tested — no public stream,No real stream URL,,0,example.invalid,https://example.invalid/iptv-no-stream/GaliKurdistan.iq
2026-08-30 10:13:30 UTC,Iraq,GK Channel,GKChannel.iq,unavailable,Not tested — no public stream,No real stream URL,,0,example.invalid,https://example.invalid/iptv-no-stream/GKChannel.iq
2026-08-30 10:13:30 UTC,Iraq,Hadi TV 1,HadiTV1.iq,unavailable,Not tested — no public stream,No real stream URL,,0,example.invalid,https://example.invalid/iptv-no-stream/HadiTV1.iq
2026-08-30 10:13:30 UTC,Iraq,Hadi TV 2,HadiTV2.iq,unavailable,Not tested — no public stream,No real stream URL,,0,example.invalid,https://example.invalid/iptv-no-stream/HadiTV2.iq
2026-08-30 10:13:30 UTC,Iraq,Hadi TV 3,HadiTV3.iq,unavailable,Not tested — no public stream,No real stream URL,,0,example.invalid,https://example.invalid/iptv-no-stream/HadiTV3.iq
2026-08-30 10:13:30 UTC,Iraq,Hadi TV 4,HadiTV4.iq,unavailable,Not tested — no public stream,No real stream URL,,0,example.invalid,https://example.invalid/iptv-no-stream/HadiTV4.iq
2026-08-30 10:13:30 UTC,Iraq,Hadi TV 5,HadiTV5.iq,unavailable,Not tested — no public stream,No real stream URL,,0,example.invalid,https://example.invalid/iptv-no-stream/HadiTV5.iq
2026-08-30 10:13:30 UTC,Iraq,Hadi TV 6,HadiTV6.iq,unavailable,Not tested — no public stream,No real stream URL,,0,example.invalid,https://example.invalid/iptv-no-stream/HadiTV6.iq
2026-08-30 10:13:30 UTC,Iraq,Hadi TV 7,HadiTV7.iq,unavailable,Not tested — no public stream,No real stream URL,,0,example.invalid,https://example.invalid/iptv-no-stream/HadiTV7.iq
2026-08-30 10:13:30 UTC,Iraq,Hona Baghdad TV,HonaBaghdadTV.iq,unavailable,Not tested — no public stream,No real stream URL,,0,example.invalid,https://example.invalid/iptv-no-stream/HonaBaghdadTV.iq
2026-08-30 10:13:30 UTC,Iraq,iNEWS TV (1080p),INews.iq@SD,available,Working,audio+video,6757,1,live.i-news.tv,https://live.i-news.tv/hls/stream.m3u8
2026-08-30 10:13:30 UTC,Iraq,Imam Ali TV,ImamAliTV.iq,unavailable,Not tested — no public stream,No real stream URL,,0,example.invalid,https://example.invalid/iptv-no-stream/ImamAliTV.iq
2026-08-30 10:13:30 UTC,Iraq,Imam Asr TV,ImamAsrTV.iq,unavailable,Not tested — no public stream,No real stream URL,,0,example.invalid,https://example.invalid/iptv-no-stream/ImamAsrTV.iq
2026-08-30 10:13:30 UTC,Iraq,Imam Hussein TV 1 (1080p),ImamHusseinTV1.iq@SD,available,Working,audio+video,4907,1,fa.imamhossaintv.com,http://fa.imamhossaintv.com/live/ih1.m3u8
2026-08-30 10:13:30 UTC,Iraq,Imam Hussein TV 2 (1080p),ImamHusseinTV2.iq@SD,available,Working,audio+video,6064,1,ar.imamhossaintv.com,http://ar.imamhossaintv.com/live/ih2.m3u8
2026-08-30 10:13:30 UTC,Iraq,Imam Hussein TV 3 (1080p),ImamHusseinTV3.iq@SD,available,Working,audio+video,6985,1,en.imamhossaintv.com,http://en.imamhossaintv.com/live/ih3.m3u8
2026-08-30 10:13:30 UTC,Iraq,Imam Hussein TV 4 (1080p),ImamHusseinTV4.iq@SD,available,Working,audio+video,6305,1,ur.imamhossaintv.com,http://ur.imamhossaintv.com/live/ih4.m3u8
2026-08-30 10:13:30 UTC,Iraq,Imam Hussein TV 5 (720p),ImamHusseinTV5.iq@SD,available,Working,audio+video,6423,1,live.al-zahratv.com,http://live.al-zahratv.com/live/playlist.m3u8
2026-08-30 10:13:30 UTC,Iraq,Imam Hussein TV 6 (1080p),ImamHusseinTV6.iq@SD,available,Working,audio+video,8049,1,live.imamhossaintv.com,http://live.imamhossaintv.com/live/ih6.m3u8
2026-08-30 10:13:30 UTC,Iraq,Iraq 24,Iraq24.iq,unavailable,Not tested — no public stream,No real stream URL,,0,example.invalid,https://example.invalid/iptv-no-stream/Iraq24.iq
2026-08-30 10:13:30 UTC,Iraq,Iraq Educational Sat,IraqEducationalSat.iq,unavailable,Not tested — no public stream,No real stream URL,,0,example.invalid,https://example.invalid/iptv-no-stream/IraqEducationalSat.iq
2026-08-30 10:13:30 UTC,Iraq,Iraq Future (480p),IraqFuture.iq@SD,available,Working,audio+video,2204,1,viewmedia7219.bozztv.com,https://viewmedia7219.bozztv.com/wmedia/viewmedia100/web_040/Stream/playlist.m3u8
2026-08-30 10:13:30 UTC,Iraq,Iraq Kids,IraqKids.iq,unavailable,Not tested — no public stream,No real stream URL,,0,example.invalid,https://example.invalid/iptv-no-stream/IraqKids.iq
2026-08-30 10:13:30 UTC,Iraq,Iraq Now,IraqNow.iq,unavailable,Not tested — no public stream,No real stream URL,,0,example.invalid,https://example.invalid/iptv-no-stream/IraqNow.iq
2026-08-30 10:13:30 UTC,Iraq,Ishtar TV (1080p),IshtarTV.iq@SD,available,Working,audio+video,2314,1,stream.ishtartv.com,https://stream.ishtartv.com/live/iShtarHD/playlist.m3u8
2026-08-30 10:13:30 UTC,Iraq,Kalimat TV Channel,KalimatTVChannel.iq,unavailable,Not tested — no public stream,No real stream URL,,0,example.invalid,https://example.invalid/iptv-no-stream/KalimatTVChannel.iq
2026-08-30 10:13:30 UTC,Iraq,Karbala Documentary,KarbalaDocumentary.iq@HD,available,Working,audio+video,2341,1,ktvlive.online,https://ktvlive.online/stream/hls/ch3.m3u8
2026-08-30 10:13:30 UTC,Iraq,Karbala Satellite Channel,KarbalaSatelliteChannel.iq,unavailable,Not tested — no public stream,No real stream URL,,0,example.invalid,https://example.invalid/iptv-no-stream/KarbalaSatelliteChannel.iq
2026-08-30 10:13:30 UTC,Iraq,Karbala TV,KarbalaTV.iq,unavailable,Not tested — no public stream,No real stream URL,,0,example.invalid,https://example.invalid/iptv-no-stream/KarbalaTV.iq
2026-08-30 10:13:30 UTC,Iraq,Kirkuk TV,KirkukTV.iq,unavailable,Not tested — no public stream,No real stream URL,,0,example.invalid,https://example.invalid/iptv-no-stream/KirkukTV.iq
2026-08-30 10:13:30 UTC,Iraq,KNN Channel,KNNChannel.iq,unavailable,Not tested — no public stream,No real stream URL,,0,example.invalid,https://example.invalid/iptv-no-stream/KNNChannel.iq
2026-08-30 10:13:30 UTC,Iraq,Korek TV,KorekTV.iq,unavailable,Not tested — no public stream,No real stream URL,,0,example.invalid,https://example.invalid/iptv-no-stream/KorekTV.iq
2026-08-30 10:13:30 UTC,Iraq,Kurd Channel,KurdChannel.iq@SD,available,Working,audio+video,2801,1,kurdchhls.wns.live,https://kurdchhls.wns.live/hls/stream.m3u8
2026-08-30 10:13:30 UTC,Iraq,Kurdistan 24 (1080p),Kurdistan24.iq@SD,available,Working,audio+video,5230,1,hlspackager.akamaized.net,https://hlspackager.akamaized.net/live/DB/K24/HLS/K24.m3u8
2026-08-30 10:13:30 UTC,Iraq,Kurdistan TV (720p) [Not 24/7],KurdistanTV.iq@SD,available,Working,audio+video,5143,1,5a3ed7a72ed4b.streamlock.net,https://5a3ed7a72ed4b.streamlock.net/live/SMIL:myStream.smil/playlist.m3u8
2026-08-30 10:13:30 UTC,Iraq,KurdMax Kurmanci,KurdMaxKurmanci.iq,unavailable,Not tested — no public stream,No real stream URL,,0,example.invalid,https://example.invalid/iptv-no-stream/KurdMaxKurmanci.iq
2026-08-30 10:13:30 UTC,Iraq,KurdMax Music,KurdMaxMusic.iq,unavailable,Not tested — no public stream,No real stream URL,,0,example.invalid,https://example.invalid/iptv-no-stream/KurdMaxMusic.iq
2026-08-30 10:13:30 UTC,Iraq,KurdMax Show,KurdMaxShow.iq,unavailable,Not tested — no public stream,No real stream URL,,0,example.invalid,https://example.invalid/iptv-no-stream/KurdMaxShow.iq
2026-08-30 10:13:30 UTC,Iraq,KurdMax Sorani,KurdMaxSorani.iq,unavailable,Not tested — no public stream,No real stream URL,,0,example.invalid,https://example.invalid/iptv-no-stream/KurdMaxSorani.iq
2026-08-30 10:13:30 UTC,Iraq,Kurdsat (1080p),Kurdsat.iq@SD,available,Working,audio+video,5250,1,hlspackager.akamaized.net,https://hlspackager.akamaized.net/live/DB/KURDSAT_HD/HLS/KURDSAT_HD.m3u8
2026-08-30 10:13:30 UTC,Iraq,Kurdsat News (1080p),KurdsatNews.iq@SD,available,Working,audio+video,5110,1,hlspackager.akamaized.net,https://hlspackager.akamaized.net/live/DB/KURDSAT_NEWS/HLS/KURDSAT_NEWS.m3u8
2026-08-30 10:13:30 UTC,Iraq,Manu Chat,ManuChat.iq@SD,available,Working,audio+video,2635,1,vmi747311.contaboserver.net,https://vmi747311.contaboserver.net/hls/livetv.m3u8
2026-08-30 10:13:30 UTC,Iraq,Marjaeyat TV Arabic (1080p),MarjaeyatTVArabic.iq@SD,available,Working,audio+video,14604,1,livefa.marjaeyattv.com,https://livefa.marjaeyattv.com/mtv_ar/playlist.m3u8
2026-08-30 10:13:30 UTC,Iraq,Marjaeyat TV English (1080p),MarjaeyatTVEnglish.iq@SD,available,Working,audio+video,13927,1,livefa.marjaeyattv.com,https://livefa.marjaeyattv.com/mtv_en/playlist.m3u8
2026-08-30 10:13:30 UTC,Iraq,Marjaeyat TV Persian (240p) [Not 24/7],MarjaeyatTVPersian.iq@SD,available,Working,audio+video,14224,1,livefa.marjaeyattv.com,https://livefa.marjaeyattv.com/mtv_fa/playlist.m3u8
2026-08-30 10:13:30 UTC,Iraq,MBC Iraq (1080p),MBCIraq.iq@SD,available,Working,audio+video,7504,1,shd-gcp-live.edgenextcdn.net,https://shd-gcp-live.edgenextcdn.net/live/bitmovin-mbc-iraq/e38c44b1b43474e1c39cb5b90203691e/index.m3u8
2026-08-30 10:13:30 UTC,Iraq,Mixkurdy (1080p),Mixkurdy.iq@HD,available,Working,audio+video,1652,1,avr.host247.net,https://avr.host247.net/live/Mix-kurdy/playlist.m3u8
2026-08-30 10:13:30 UTC,Iraq,Net TV,NetTV.iq,unavailable,Not tested — no public stream,No real stream URL,,0,example.invalid,https://example.invalid/iptv-no-stream/NetTV.iq
2026-08-30 10:13:30 UTC,Iraq,NRT,NRT.iq,unavailable,Not tested — no public stream,No real stream URL,,0,example.invalid,https://example.invalid/iptv-no-stream/NRT.iq
2026-08-30 10:13:30 UTC,Iraq,NRT 2,NRT2.iq,unavailable,Not tested — no public stream,No real stream URL,,0,example.invalid,https://example.invalid/iptv-no-stream/NRT2.iq
2026-08-30 10:13:30 UTC,Iraq,NRT 3 Kids,NRT3Kids.iq,unavailable,Not tested — no public stream,No real stream URL,,0,example.invalid,https://example.invalid/iptv-no-stream/NRT3Kids.iq
2026-08-30 10:13:30 UTC,Iraq,NRT 4,NRT4.iq,unavailable,Not tested — no public stream,No real stream URL,,0,example.invalid,https://example.invalid/iptv-no-stream/NRT4.iq
2026-08-30 10:13:30 UTC,Iraq,NRT TV (720p) [Not 24/7],NRTTV.iq@SD,available,Not found (404),https://media.streambrothers.com:1936/8226/8226/playlist.m3u8: Server returned 404 Not Found,559,2,media.streambrothers.com,https://media.streambrothers.com:1936/8226/8226/playlist.m3u8
2026-08-30 10:13:30 UTC,Iraq,NUBAR Plus +,NUBARPlusPlus.iq,unavailable,Not tested — no public stream,No real stream URL,,0,example.invalid,https://example.invalid/iptv-no-stream/NUBARPlusPlus.iq
2026-08-30 10:13:30 UTC,Iraq,NUBAR tv,NUBARtv.iq,unavailable,Not tested — no public stream,No real stream URL,,0,example.invalid,https://example.invalid/iptv-no-stream/NUBARtv.iq
2026-08-30 10:13:30 UTC,Iraq,Parwardayi TV,ParwardayiTV.iq,unavailable,Not tested — no public stream,No real stream URL,,0,example.invalid,https://example.invalid/iptv-no-stream/ParwardayiTV.iq
2026-08-30 10:13:30 UTC,Iraq,Payam TV (1080p),PayamTV.iq@SD,available,Working,audio+video,5212,1,hlspackager.akamaized.net,https://hlspackager.akamaized.net/live/DB/PAYAM_TV/HLS/PAYAM_TV.m3u8
2026-08-30 10:13:30 UTC,Iraq,QTV,QTV.iq,unavailable,Not tested — no public stream,No real stream URL,,0,example.invalid,https://example.invalid/iptv-no-stream/QTV.iq
2026-08-30 10:13:30 UTC,Iraq,Quran TV,QuranTV.iq,unavailable,Not tested — no public stream,No real stream URL,,0,example.invalid,https://example.invalid/iptv-no-stream/QuranTV.iq
2026-08-30 10:13:30 UTC,Iraq,Rudaw TV (1080p),RudawTV.iq@SD,available,Working,audio+video,3172,1,hlspackager.akamaized.net,https://hlspackager.akamaized.net/live/DB/RUDAW/HLS/RUDAW.m3u8
2026-08-30 10:13:30 UTC,Iraq,Salahalddin TV,SalahalddinTV.iq,unavailable,Not tested — no public stream,No real stream URL,,0,example.invalid,https://example.invalid/iptv-no-stream/SalahalddinTV.iq
2026-08-30 10:13:30 UTC,Iraq,Samarra TV,SamarraTV.iq@SD,available,Failed,No diagnostic returned,2473,2,live.bradosti.net,https://live.bradosti.net/live/samaraweb_playlist.m3u8
2026-08-30 10:13:30 UTC,Iraq,Shabab Sport 1,ShababSport1.iq,unavailable,Not tested — no public stream,No real stream URL,,0,example.invalid,https://example.invalid/iptv-no-stream/ShababSport1.iq
2026-08-30 10:13:30 UTC,Iraq,Shams TV (1080p),ShamsTV.iq@SD,available,Working,audio+video,2980,1,stream.shams.tv,https://stream.shams.tv/hls/stream.m3u8
2026-08-30 10:13:30 UTC,Iraq,Shihab TV,ShihabTV.iq,unavailable,Not tested — no public stream,No real stream URL,,0,example.invalid,https://example.invalid/iptv-no-stream/ShihabTV.iq
2026-08-30 10:13:30 UTC,Iraq,Speda Channel,SpedaChannel.iq,unavailable,Not tested — no public stream,No real stream URL,,0,example.invalid,https://example.invalid/iptv-no-stream/SpedaChannel.iq
2026-08-30 10:13:30 UTC,Iraq,Speda Drama,SpedaDrama.iq,unavailable,Not tested — no public stream,No real stream URL,,0,example.invalid,https://example.invalid/iptv-no-stream/SpedaDrama.iq
2026-08-30 10:13:30 UTC,Iraq,Speda TV,SpedaTV.iq,unavailable,Not tested — no public stream,No real stream URL,,0,example.invalid,https://example.invalid/iptv-no-stream/SpedaTV.iq
2026-08-30 10:13:30 UTC,Iraq,SPI TV,SPITV.iq,unavailable,Not tested — no public stream,No real stream URL,,0,example.invalid,https://example.invalid/iptv-no-stream/SPITV.iq
2026-08-30 10:13:30 UTC,Iraq,Tishk TV,TishkTV.iq,unavailable,Not tested — no public stream,No real stream URL,,0,example.invalid,https://example.invalid/iptv-no-stream/TishkTV.iq
2026-08-30 10:13:30 UTC,Iraq,Turkmeneli TV,TurkmeneliTV.iq,unavailable,Not tested — no public stream,No real stream URL,,0,example.invalid,https://example.invalid/iptv-no-stream/TurkmeneliTV.iq
2026-08-30 10:13:30 UTC,Iraq,UTV (1080p),UTV.iq@SD,available,TLS failure,https://mn-nl.mncdn.com/utviraqi2/64c80359/index.m3u8: Connection reset by peer,656,2,mn-nl.mncdn.com,https://mn-nl.mncdn.com/utviraqi2/64c80359/index.m3u8
2026-08-30 10:13:30 UTC,Iraq,W.TV,WTV.iq,unavailable,Not tested — no public stream,No real stream URL,,0,example.invalid,https://example.invalid/iptv-no-stream/WTV.iq
2026-08-30 10:13:30 UTC,Iraq,Waar TV (1080p),WaarTV.iq@SD,available,Working,audio+video,5247,1,hlspackager.akamaized.net,https://hlspackager.akamaized.net/live/DB/WAAR_HD/HLS/WAAR_HD.m3u8
2026-08-30 10:13:30 UTC,Iraq,Zagros TV (1080p),ZagrosTV.iq@SD,available,Working,audio+video,5001,1,hlspackager.akamaized.net,https://hlspackager.akamaized.net/live/DB/ZAGROS_TV/HLS/ZAGROS_TV.m3u8
2026-08-30 10:13:30 UTC,Jordan,7 Stars TV,7StarsTV.jo,unavailable,Not tested — no public stream,No real stream URL,,0,example.invalid,https://example.invalid/iptv-no-stream/7StarsTV.jo
2026-08-30 10:13:30 UTC,Jordan,A One TV,AOneTV.jo,unavailable,Not tested — no public stream,No real stream URL,,0,example.invalid,https://example.invalid/iptv-no-stream/AOneTV.jo
2026-08-30 10:13:30 UTC,Jordan,Al Hakika TV,AlHakikaTV.jo,unavailable,Not tested — no public stream,No real stream URL,,0,example.invalid,https://example.invalid/iptv-no-stream/AlHakikaTV.jo
2026-08-30 10:13:30 UTC,Jordan,Al Mamlaka TV,AlMamlakaTV.jo,unavailable,Not tested — no public stream,No real stream URL,,0,example.invalid,https://example.invalid/iptv-no-stream/AlMamlakaTV.jo
2026-08-30 10:13:30 UTC,Jordan,Alerth Alnabawi Channel (576p),AlerthAlnabawiChannel.jo@SD,available,Invalid stream,http://82.212.74.2:8000/live/7307.m3u8: Invalid data found when processing input,10707,2,82.212.74.2,http://82.212.74.2:8000/live/7307.m3u8
2026-08-30 10:13:30 UTC,Jordan,Alhaqeqa Aldawlia (1080p) [Not 24/7],AlhaqeqaAldawlia.jo@SD,available,Not found (404),https://ghaasiflu.online/alhqeqa/index.m3u8: Server returned 404 Not Found,803,2,ghaasiflu.online,https://ghaasiflu.online/alhqeqa/index.m3u8
2026-08-30 10:13:30 UTC,Jordan,Altaghier TV (1080p),AltaghierTV.jo@SD,available,Working,audio+video,7954,1,jmc-live.ercdn.net,https://jmc-live.ercdn.net/altaghier/altaghier.m3u8
2026-08-30 10:13:30 UTC,Jordan,Amen FM TV,AmenFMTV.jo,unavailable,Not tested — no public stream,No real stream URL,,0,example.invalid,https://example.invalid/iptv-no-stream/AmenFMTV.jo
2026-08-30 10:13:30 UTC,Jordan,Amman TV (720p),AmmanTV.jo@SD,available,Working,audio+video,7195,1,ammantv-live.ercdn.net,https://ammantv-live.ercdn.net/ammantvhd/ammantvhd.m3u8
2026-08-30 10:13:30 UTC,Jordan,ANB,ANB.jo,unavailable,Not tested — no public stream,No real stream URL,,0,example.invalid,https://example.invalid/iptv-no-stream/ANB.jo
2026-08-30 10:13:30 UTC,Jordan,Awdeh,Awdeh.jo,unavailable,Not tested — no public stream,No real stream URL,,0,example.invalid,https://example.invalid/iptv-no-stream/Awdeh.jo
2026-08-30 10:13:30 UTC,Jordan,Azhari TV,AzhariTV.jo,unavailable,Not tested — no public stream,No real stream URL,,0,example.invalid,https://example.invalid/iptv-no-stream/AzhariTV.jo
2026-08-30 10:13:30 UTC,Jordan,Darsak 1,Darsak1.jo,unavailable,Not tested — no public stream,No real stream URL,,0,example.invalid,https://example.invalid/iptv-no-stream/Darsak1.jo
2026-08-30 10:13:30 UTC,Jordan,Darsak 2,Darsak2.jo,unavailable,Not tested — no public stream,No real stream URL,,0,example.invalid,https://example.invalid/iptv-no-stream/Darsak2.jo
2026-08-30 10:13:30 UTC,Jordan,Darsak Tawjihi,DarsakTawjihi.jo,unavailable,Not tested — no public stream,No real stream URL,,0,example.invalid,https://example.invalid/iptv-no-stream/DarsakTawjihi.jo
2026-08-30 10:13:30 UTC,Jordan,Deretna,Deretna.jo,unavailable,Not tested — no public stream,No real stream URL,,0,example.invalid,https://example.invalid/iptv-no-stream/Deretna.jo
2026-08-30 10:13:30 UTC,Jordan,Fact International,FactInternational.jo,unavailable,Not tested — no public stream,No real stream URL,,0,example.invalid,https://example.invalid/iptv-no-stream/FactInternational.jo
2026-08-30 10:13:30 UTC,Jordan,Hala,Hala.jo,unavailable,Not tested — no public stream,No real stream URL,,0,example.invalid,https://example.invalid/iptv-no-stream/Hala.jo
2026-08-30 10:13:30 UTC,Jordan,Hala Control Studio,HalaControlStudio.jo,unavailable,Not tested — no public stream,No real stream URL,,0,example.invalid,https://example.invalid/iptv-no-stream/HalaControlStudio.jo
2026-08-30 10:13:30 UTC,Jordan,Ismaoona TV,IsmaoonaTV.jo,unavailable,Not tested — no public stream,No real stream URL,,0,example.invalid,https://example.invalid/iptv-no-stream/IsmaoonaTV.jo
2026-08-30 10:13:30 UTC,Jordan,Jeish FM,JeishFM.jo,unavailable,Not tested — no public stream,No real stream URL,,0,example.invalid,https://example.invalid/iptv-no-stream/JeishFM.jo
2026-08-30 10:13:30 UTC,Jordan,Jordan Archive (1080p),JordanArchive.jo@SD,available,Working,audio+video,10804,1,playlist.fasttvcdn.com,https://playlist.fasttvcdn.com/pl/cc0blorawy1ibohhrupraa/Archive/playlist.m3u8
2026-08-30 10:13:30 UTC,Jordan,Jordan Comedy (1080p),JordanComedy.jo@SD,available,Working,audio+video,11013,1,playlist.fasttvcdn.com,https://playlist.fasttvcdn.com/pl/cc0blorawy1ibohhrupraa/Comedy/playlist.m3u8
2026-08-30 10:13:30 UTC,Jordan,Jordan Drama (1080p),JordanDrama.jo@SD,available,Working,audio+video,9079,1,playlist.fasttvcdn.com,https://playlist.fasttvcdn.com/pl/cc0blorawy1ibohhrupraa/Drama/playlist.m3u8
2026-08-30 10:13:30 UTC,Jordan,Jordan Kitchen (1080p),JordanKitchen.jo@SD,available,Working,audio+video,11052,1,playlist.fasttvcdn.com,https://playlist.fasttvcdn.com/pl/cc0blorawy1ibohhrupraa/cooking/playlist.m3u8
2026-08-30 10:13:30 UTC,Jordan,Jordan Now TV,JordanNowTV.jo,unavailable,Not tested — no public stream,No real stream URL,,0,example.invalid,https://example.invalid/iptv-no-stream/JordanNowTV.jo
2026-08-30 10:13:30 UTC,Jordan,Jordan Songs (1080p),JordanSongs.jo@SD,available,Working,audio+video,10959,1,playlist.fasttvcdn.com,https://playlist.fasttvcdn.com/pl/cc0blorawy1ibohhrupraa/Song/playlist.m3u8
2026-08-30 10:13:30 UTC,Jordan,Jordan Sport (1080p),JordanSport.jo@SD,available,Working,audio+video,1941,1,93.184.10.248,http://93.184.10.248/JordanSport/index.m3u8
2026-08-30 10:13:30 UTC,Jordan,Jordan Sport 2,JordanSport2.jo,unavailable,Not tested — no public stream,No real stream URL,,0,example.invalid,https://example.invalid/iptv-no-stream/JordanSport2.jo
2026-08-30 10:13:30 UTC,Jordan,Jordan Tourism (1080p),JordanTourism.jo@SD,available,Working,audio+video,10657,1,playlist.fasttvcdn.com,https://playlist.fasttvcdn.com/pl/cc0blorawy1ibohhrupraa/Tourism/playlist.m3u8
2026-08-30 10:13:30 UTC,Jordan,Jordan Satellite Channel (1080p),JordanTV.jo@SD,available,Working,audio+video,16812,1,jrtv-live.ercdn.net,https://jrtv-live.ercdn.net/jordanhd/jordanhd.m3u8
2026-08-30 10:13:30 UTC,Jordan,Josat TV,JosatTV.jo,unavailable,Not tested — no public stream,No real stream URL,,0,example.invalid,https://example.invalid/iptv-no-stream/JosatTV.jo
2026-08-30 10:13:30 UTC,Jordan,Kaifa TV (576p),KaifaTV.jo@SD,available,Invalid stream,http://82.212.74.2:8000/live/7311.m3u8: Invalid data found when processing input,10719,2,82.212.74.2,http://82.212.74.2:8000/live/7311.m3u8
2026-08-30 10:13:30 UTC,Jordan,Karameesh,Karameesh.jo,unavailable,Not tested — no public stream,No real stream URL,,0,example.invalid,https://example.invalid/iptv-no-stream/Karameesh.jo
2026-08-30 10:13:30 UTC,Jordan,Melody FM Jordan (720p) [Not 24/7],MelodyFM.jo@SD,available,Working,audio+video,1470,1,cdn3.wowza.com,https://cdn3.wowza.com/1/OVRrOWxXUEswS2Yv/eGVxSWZy/hls/live/playlist.m3u8
2026-08-30 10:13:30 UTC,Jordan,Qudaah,Qudaah.jo,unavailable,Not tested — no public stream,No real stream URL,,0,example.invalid,https://example.invalid/iptv-no-stream/Qudaah.jo
2026-08-30 10:13:30 UTC,Jordan,Radio Fann Jordan City View,RadioFannJordanCityView.jo,unavailable,Not tested — no public stream,No real stream URL,,0,example.invalid,https://example.invalid/iptv-no-stream/RadioFannJordanCityView.jo
2026-08-30 10:13:30 UTC,Jordan,Radio Fann Jordan Control Studio,RadioFannJordanControlStudio.jo,unavailable,Not tested — no public stream,No real stream URL,,0,example.invalid,https://example.invalid/iptv-no-stream/RadioFannJordanControlStudio.jo
2026-08-30 10:13:30 UTC,Jordan,Radio Fann Jordan Studio (1080p) [Not 24/7],RadioFannJordanStudio.jo@SD,available,Working,audio+video,1179,1,45.63.116.205,http://45.63.116.205/hls2/stream1.m3u8
2026-08-30 10:13:30 UTC,Jordan,Radio Yaqeen Jordan City View (1080p) [Not 24/7],RadioYaqeenJordanCityView.jo@SD,available,Working,audio+video,1067,1,45.63.116.205,http://45.63.116.205/hls4/stream1.m3u8
2026-08-30 10:13:30 UTC,Jordan,Radio Yaqeen Jordan Control Studio,RadioYaqeenJordanControlStudio.jo,unavailable,Not tested — no public stream,No real stream URL,,0,example.invalid,https://example.invalid/iptv-no-stream/RadioYaqeenJordanControlStudio.jo
2026-08-30 10:13:30 UTC,Jordan,Radio Yaqeen Jordan Studio,RadioYaqeenJordanStudio.jo,unavailable,Not tested — no public stream,No real stream URL,,0,example.invalid,https://example.invalid/iptv-no-stream/RadioYaqeenJordanStudio.jo
2026-08-30 10:13:30 UTC,Jordan,Rotana Radio Jordan City View,RotanaRadioJordanCityView.jo,unavailable,Not tested — no public stream,No real stream URL,,0,example.invalid,https://example.invalid/iptv-no-stream/RotanaRadioJordanCityView.jo
2026-08-30 10:13:30 UTC,Jordan,Rotana Radio Jordan Control Studio,RotanaRadioJordanControlStudio.jo,unavailable,Not tested — no public stream,No real stream URL,,0,example.invalid,https://example.invalid/iptv-no-stream/RotanaRadioJordanControlStudio.jo
2026-08-30 10:13:30 UTC,Jordan,Rotana Radio Jordan Studio (1080p) [Not 24/7],RotanaRadioJordanStudio.jo@SD,available,Working,audio+video,1152,1,45.63.116.205,http://45.63.116.205/hls/stream1.m3u8
2026-08-30 10:13:30 UTC,Jordan,Rotana Tarab Jordan City View (720p) [Not 24/7],RotanaTarabJordanCityView.jo@SD,available,Working,audio+video,954,1,45.63.116.205,http://45.63.116.205/hls3/stream1.m3u8
2026-08-30 10:13:30 UTC,Jordan,Rotana Tarab Jordan Control Studio,RotanaTarabJordanControlStudio.jo,unavailable,Not tested — no public stream,No real stream URL,,0,example.invalid,https://example.invalid/iptv-no-stream/RotanaTarabJordanControlStudio.jo
2026-08-30 10:13:30 UTC,Jordan,Roya Comedy,RoyaComedy.jo,unavailable,Not tested — no public stream,No real stream URL,,0,example.invalid,https://example.invalid/iptv-no-stream/RoyaComedy.jo
2026-08-30 10:13:30 UTC,Jordan,Roya Drama,RoyaDrama.jo,unavailable,Not tested — no public stream,No real stream URL,,0,example.invalid,https://example.invalid/iptv-no-stream/RoyaDrama.jo
2026-08-30 10:13:30 UTC,Jordan,Roya Kids,RoyaKids.jo,unavailable,Not tested — no public stream,No real stream URL,,0,example.invalid,https://example.invalid/iptv-no-stream/RoyaKids.jo
2026-08-30 10:13:30 UTC,Jordan,Roya Kids Originals,RoyaKidsOriginals.jo,unavailable,Not tested — no public stream,No real stream URL,,0,example.invalid,https://example.invalid/iptv-no-stream/RoyaKidsOriginals.jo
2026-08-30 10:13:30 UTC,Jordan,Roya Kids Songs,RoyaKidsSongs.jo,unavailable,Not tested — no public stream,No real stream URL,,0,example.invalid,https://example.invalid/iptv-no-stream/RoyaKidsSongs.jo
2026-08-30 10:13:30 UTC,Jordan,Roya Kids Stories,RoyaKidsStories.jo,unavailable,Not tested — no public stream,No real stream URL,,0,example.invalid,https://example.invalid/iptv-no-stream/RoyaKidsStories.jo
2026-08-30 10:13:30 UTC,Jordan,Roya Kitchen,RoyaKitchen.jo,unavailable,Not tested — no public stream,No real stream URL,,0,example.invalid,https://example.invalid/iptv-no-stream/RoyaKitchen.jo
2026-08-30 10:13:30 UTC,Jordan,Roya Music,RoyaMusic.jo,unavailable,Not tested — no public stream,No real stream URL,,0,example.invalid,https://example.invalid/iptv-no-stream/RoyaMusic.jo
2026-08-30 10:13:30 UTC,Jordan,Roya News,RoyaNews.jo,unavailable,Not tested — no public stream,No real stream URL,,0,example.invalid,https://example.invalid/iptv-no-stream/RoyaNews.jo
2026-08-30 10:13:30 UTC,Jordan,Roya TV (Roya Page),RoyaTV.jo,available,Working,audio+video,7833,1,roya-tv-on-demand.fuad-azzam-jarrar.chatgpt.site,https://roya-tv-on-demand.fuad-azzam-jarrar.chatgpt.site/roya.m3u8
2026-08-30 10:13:30 UTC,Jordan,Sport TV,SportTV.jo,unavailable,Not tested — no public stream,No real stream URL,,0,example.invalid,https://example.invalid/iptv-no-stream/SportTV.jo
2026-08-30 10:13:30 UTC,Jordan,Tala Kids Club,TalaKidsClub.jo,unavailable,Not tested — no public stream,No real stream URL,,0,example.invalid,https://example.invalid/iptv-no-stream/TalaKidsClub.jo
2026-08-30 10:13:30 UTC,Jordan,Thakafah TV,ThakafahTV.jo,unavailable,Not tested — no public stream,No real stream URL,,0,example.invalid,https://example.invalid/iptv-no-stream/ThakafahTV.jo
2026-08-30 10:13:30 UTC,Jordan,Toyor Al-Jannah,ToyorAlJannah.jo,unavailable,Not tested — no public stream,No real stream URL,,0,example.invalid,https://example.invalid/iptv-no-stream/ToyorAlJannah.jo
2026-08-30 10:13:30 UTC,Jordan,Yarmouk TV,YarmoukTV.jo,unavailable,Not tested — no public stream,No real stream URL,,0,example.invalid,https://example.invalid/iptv-no-stream/YarmoukTV.jo
2026-08-30 10:13:30 UTC,Kuwait,Al Anwar TV,AlAnwarTV.kw,unavailable,Not tested — no public stream,No real stream URL,,0,example.invalid,https://example.invalid/iptv-no-stream/AlAnwarTV.kw
2026-08-30 10:13:30 UTC,Kuwait,Al Maali TV,AlMaaliTV.kw,unavailable,Not tested — no public stream,No real stream URL,,0,example.invalid,https://example.invalid/iptv-no-stream/AlMaaliTV.kw
2026-08-30 10:13:30 UTC,Kuwait,Al Sabah,AlSabah.kw,unavailable,Not tested — no public stream,No real stream URL,,0,example.invalid,https://example.invalid/iptv-no-stream/AlSabah.kw
2026-08-30 10:13:30 UTC,Kuwait,Al-Bawadi TV,AlBawadiTV.kw,unavailable,Not tested — no public stream,No real stream URL,,0,example.invalid,https://example.invalid/iptv-no-stream/AlBawadiTV.kw
2026-08-30 10:13:30 UTC,Kuwait,Alrai TV,AlraiTV.kw,unavailable,Not tested — no public stream,No real stream URL,,0,example.invalid,https://example.invalid/iptv-no-stream/AlraiTV.kw
2026-08-30 10:13:30 UTC,Kuwait,Alshahed TV,AlshahedTV.kw,unavailable,Not tested — no public stream,No real stream URL,,0,example.invalid,https://example.invalid/iptv-no-stream/AlshahedTV.kw
2026-08-30 10:13:30 UTC,Kuwait,ATV,ATV.kw,unavailable,Not tested — no public stream,No real stream URL,,0,example.invalid,https://example.invalid/iptv-no-stream/ATV.kw
2026-08-30 10:13:30 UTC,Kuwait,Bahry,Bahry.kw,unavailable,Not tested — no public stream,No real stream URL,,0,example.invalid,https://example.invalid/iptv-no-stream/Bahry.kw
2026-08-30 10:13:30 UTC,Kuwait,Ch4Teen,Ch4Teen.kw,unavailable,Not tested — no public stream,No real stream URL,,0,example.invalid,https://example.invalid/iptv-no-stream/Ch4Teen.kw
2026-08-30 10:13:30 UTC,Kuwait,Ch4Teen Clip,Ch4TeenClip.kw,unavailable,Not tested — no public stream,No real stream URL,,0,example.invalid,https://example.invalid/iptv-no-stream/Ch4TeenClip.kw
2026-08-30 10:13:30 UTC,Kuwait,Ch4Teen Documentary (1080p),Ch4TeenDocumentary.kw@SD,available,Failed,"https://ch14.tv/live/ch4teendoc/playlist.m3u8: Server returned 4XX Client Error, but not one of 40{0,1,3,4}",146,2,ch14.tv,https://ch14.tv/live/ch4teendoc/playlist.m3u8
2026-08-30 10:13:30 UTC,Kuwait,Funoon TV,FunoonTV.kw,unavailable,Not tested — no public stream,No real stream URL,,0,example.invalid,https://example.invalid/iptv-no-stream/FunoonTV.kw
2026-08-30 10:13:30 UTC,Kuwait,KTV 1 (1080p),KTV1.kw@SD,available,Working,audio+video,14897,1,kwtktv1ta.cdn.mangomolo.com,https://kwtktv1ta.cdn.mangomolo.com/ktv1/smil:ktv1.stream.smil/chunklist.m3u8
2026-08-30 10:13:30 UTC,Kuwait,KTV 2 (1080p),KTV2.kw@SD,available,Working,audio+video,12383,1,kwtktv2ta.cdn.mangomolo.com,https://kwtktv2ta.cdn.mangomolo.com/ktv2/smil:ktv2.stream.smil/chunklist.m3u8
2026-08-30 10:13:30 UTC,Kuwait,KTV Al Majlis,KTVAlMajlis.kw,unavailable,Not tested — no public stream,No real stream URL,,0,example.invalid,https://example.invalid/iptv-no-stream/KTVAlMajlis.kw
2026-08-30 10:13:30 UTC,Kuwait,KTV Al Qurain (1080p),KTVAlQurain.kw@SD,available,Working,audio+video,8812,1,kwtktvaqta.cdn.mangomolo.com,https://kwtktvaqta.cdn.mangomolo.com/ktvaq/smil:tktvaq.stream.smil/chunklist.m3u8
2026-08-30 10:13:30 UTC,Kuwait,KTV Arabe (1080p),KTVArabe.kw@SD,available,Working,audio+video,6752,1,kwtktvata.cdn.mangomolo.com,https://kwtktvata.cdn.mangomolo.com/ktva/smil:tktva.stream.smil/chunklist.m3u8
2026-08-30 10:13:30 UTC,Kuwait,KTV Ethraa (1080p),KTVEthraa.kw@SD,available,Working,audio+video,13315,1,kwtethta.cdn.mangomolo.com,https://kwtethta.cdn.mangomolo.com/eth/smil:eth.stream.smil/chunklist.m3u8
2026-08-30 10:13:30 UTC,Kuwait,KTV Khallik Bilbait,KTVKhallikBilbait.kw,unavailable,Not tested — no public stream,No real stream URL,,0,example.invalid,https://example.invalid/iptv-no-stream/KTVKhallikBilbait.kw
2026-08-30 10:13:30 UTC,Kuwait,KTV News (1080p),KTVNews.kw@SD,available,Working,audio+video,14123,1,kwtkbta.cdn.mangomolo.com,https://kwtkbta.cdn.mangomolo.com/kb/smil:kb.stream.smil/chunklist.m3u8
2026-08-30 10:13:30 UTC,Kuwait,KTV Sport (1080p),KTVSport.kw@SD,available,Working,audio+video,13161,1,kwtspta.cdn.mangomolo.com,https://kwtspta.cdn.mangomolo.com/sp/smil:sp.stream.smil/chunklist.m3u8
2026-08-30 10:13:30 UTC,Kuwait,KTV Sport Plus (1080p),KTVSportPlus.kw@SD,available,Working,audio+video,14313,1,kwtsplta.cdn.mangomolo.com,https://kwtsplta.cdn.mangomolo.com/spl/smil:spl.stream.smil/chunklist.m3u8
2026-08-30 10:13:30 UTC,Kuwait,Marina TV (1080p),MarinaTV.kw@SD,available,Working,audio+video,4409,1,ffs.gulfsat.com,https://ffs.gulfsat.com/Marina-TV-HD/index.m3u8
2026-08-30 10:13:30 UTC,Kuwait,Ritmu TV,RitmuTV.kw@SD,available,Working,audio+video,1569,1,659605a54e9a6.streamlock.net,https://659605a54e9a6.streamlock.net:8443/live/livestream/playlist.m3u8
2026-08-30 10:13:30 UTC,Kuwait,Scope TV,ScopeTV.kw,unavailable,Not tested — no public stream,No real stream URL,,0,example.invalid,https://example.invalid/iptv-no-stream/ScopeTV.kw
2026-08-30 10:13:30 UTC,Kuwait,Soutalarab TV,SoutalarabTV.kw,unavailable,Not tested — no public stream,No real stream URL,,0,example.invalid,https://example.invalid/iptv-no-stream/SoutalarabTV.kw
2026-08-30 10:13:30 UTC,Lebanon,A TV,ATV.lb,unavailable,Not tested — no public stream,No real stream URL,,0,example.invalid,https://example.invalid/iptv-no-stream/ATV.lb
2026-08-30 10:13:30 UTC,Lebanon,Aghani Aghani TV (1080p),AghaniAghaniTV.lb@SD,available,Working,audio+video,1677,1,cdn.streamlane.tv,https://cdn.streamlane.tv/hls/aghanitv/index.m3u8
2026-08-30 10:13:30 UTC,Lebanon,Al Ittihad (552p) [Not 24/7],AlIttihadTV.lb@SD,available,Working,audio+video,1827,1,185.105.4.151,http://185.105.4.151:8080/_defapp_/ittihad/index.m3u8
2026-08-30 10:13:30 UTC,Lebanon,Al Jadeed (1080p),AlJadeed.lb@SD,available,Working,audio+video,1645,1,185.9.2.18,http://185.9.2.18/chid_391/mono.m3u8
2026-08-30 10:13:30 UTC,Lebanon,Al Mayadeen (576p),AlMayadeenTV.lb@SD,available,Working,audio+video,4928,1,mdnlv.cdn.octivid.com,https://mdnlv.cdn.octivid.com/almdn/smil:mpegts.stream.smil/playlist.m3u8
2026-08-30 10:13:30 UTC,Lebanon,Aliman TV (240p) [Not 24/7],AlImanTV.lb@SD,available,Working,audio+video,5131,1,svs.itworkscdn.net,https://svs.itworkscdn.net/alimanlive/imantv.smil/playlist.m3u8
2026-08-30 10:13:30 UTC,Lebanon,Al Manar (576p) [Not 24/7],AlManar.lb@SD,available,Working,audio+video,15567,1,edge.fastpublish.me,https://edge.fastpublish.me/live/index.m3u8
2026-08-30 10:13:30 UTC,Lebanon,Al-waad TV,AlwaadTV.lb,unavailable,Not tested — no public stream,No real stream URL,,0,example.invalid,https://example.invalid/iptv-no-stream/AlwaadTV.lb
2026-08-30 10:13:30 UTC,Lebanon,ALWifak News TV (720p),ALWifakNewsTV.lb@SD,available,Working,audio+video,1980,1,alwifaklive.info,http://alwifaklive.info:1935/live/myStream/playlist.m3u8
2026-08-30 10:13:30 UTC,Lebanon,Arabica TV (720p),ArabicaTV.lb@SD,available,Working,audio+video,5093,1,istream.binarywaves.com,http://istream.binarywaves.com:8081/hls/arabica/playlist.m3u8
2026-08-30 10:13:30 UTC,Lebanon,CharityTV (1080p) [Not 24/7],CharityTV.lb@SD,available,Working,audio+video,6802,1,185.105.4.236,http://185.105.4.236:1935/live/ngrp:livestream_all/live.m3u8
2026-08-30 10:13:30 UTC,Lebanon,Falestinona Channel,FalestinonaChannel.lb,unavailable,Not tested — no public stream,No real stream URL,,0,example.invalid,https://example.invalid/iptv-no-stream/FalestinonaChannel.lb
2026-08-30 10:13:30 UTC,Lebanon,Hawacom TV,HawacomTV.lb,unavailable,Not tested — no public stream,No real stream URL,,0,example.invalid,https://example.invalid/iptv-no-stream/HawacomTV.lb
2026-08-30 10:13:30 UTC,Lebanon,Khaleej Al Arab 1,KhaleejAlArab1.lb,unavailable,Not tested — no public stream,No real stream URL,,0,example.invalid,https://example.invalid/iptv-no-stream/KhaleejAlArab1.lb
2026-08-30 10:13:30 UTC,Lebanon,Khaleej Al Arab 2,KhaleejAlArab2.lb,unavailable,Not tested — no public stream,No real stream URL,,0,example.invalid,https://example.invalid/iptv-no-stream/KhaleejAlArab2.lb
2026-08-30 10:13:30 UTC,Lebanon,Lana TV (576p),LanaTV.lb@SD,available,Working,audio+video,2970,1,cdn.streamlane.tv,https://cdn.streamlane.tv/hls/ltv/master.m3u8
2026-08-30 10:13:30 UTC,Lebanon,Lana TV Plus,LanaTVPlus.lb,unavailable,Not tested — no public stream,No real stream URL,,0,example.invalid,https://example.invalid/iptv-no-stream/LanaTVPlus.lb
2026-08-30 10:13:30 UTC,Lebanon,LB2 International,LB2International.lb,unavailable,Not tested — no public stream,No real stream URL,,0,example.invalid,https://example.invalid/iptv-no-stream/LB2International.lb
2026-08-30 10:13:30 UTC,Lebanon,LBC Europe,LBCEurope.lb,unavailable,Not tested — no public stream,No real stream URL,,0,example.invalid,https://example.invalid/iptv-no-stream/LBCEurope.lb
2026-08-30 10:13:30 UTC,Lebanon,LBC International (1080p),LBCInternational.lb@SD,available,Working,audio+video,1657,1,185.9.2.18,http://185.9.2.18/chid_521/index.m3u8
2026-08-30 10:13:30 UTC,Lebanon,Mariam TV,MariamTV.lb,unavailable,Not tested — no public stream,No real stream URL,,0,example.invalid,https://example.invalid/iptv-no-stream/MariamTV.lb
2026-08-30 10:13:30 UTC,Lebanon,mfm (1080p),mfm.lb@HD,available,Restricted (403),https://hms.pfs.gdn/hms/v1/broadcast/hlmvmp2hfriode891/playlist.m3u8: Server returned 403 Forbidden (access denied),191,2,hms.pfs.gdn,https://hms.pfs.gdn/hms/v1/broadcast/hlmvmp2hfriode891/playlist.m3u8
2026-08-30 10:13:30 UTC,Lebanon,MTV Lebanon (1080p),MTVLebanon.lb@SD,available,Working,audio+video,9220,1,shd-gcp-live.edgenextcdn.net,https://shd-gcp-live.edgenextcdn.net/live/bitmovin-mtv-lebanon/b8ebb2a5affb812f1541712adde10e26/index.m3u8
2026-08-30 10:13:30 UTC,Lebanon,Nabaa TV (720p) [Not 24/7],NabaaTV.lb@SD,available,Failed,http://31.14.40.237:1935/live/Nabaa/playlist.m3u8: Connection timed out,5039,2,31.14.40.237,http://31.14.40.237:1935/live/Nabaa/playlist.m3u8
2026-08-30 10:13:30 UTC,Lebanon,NBN,NBN.lb,unavailable,Not tested — no public stream,No real stream URL,,0,example.invalid,https://example.invalid/iptv-no-stream/NBN.lb
2026-08-30 10:13:30 UTC,Lebanon,New Vision TV,NewVisionTV.lb,unavailable,Not tested — no public stream,No real stream URL,,0,example.invalid,https://example.invalid/iptv-no-stream/NewVisionTV.lb
2026-08-30 10:13:30 UTC,Lebanon,Nour Al Koddas (406p) [Not 24/7],NourAlKoddass.lb@SD,available,Working,audio+video,975,1,svs.itworkscdn.net,https://svs.itworkscdn.net/nour1satlive/livestream/playlist.m3u8
2026-08-30 10:13:30 UTC,Lebanon,Nour Al Sharq (576p),NourAlSharq.lb@SD,available,Working,audio+video,869,1,svs.itworkscdn.net,https://svs.itworkscdn.net/nour8satlive/livestream/playlist.m3u8
2026-08-30 10:13:30 UTC,Lebanon,Nour El Shabeb (720p),NourElShabeb.lb@SD,available,Invalid stream,https://svs.itworkscdn.net/nour3satlive/livestream/playlist.m3u8: Invalid data found when processing input,54,2,svs.itworkscdn.net,https://svs.itworkscdn.net/nour3satlive/livestream/playlist.m3u8
2026-08-30 10:13:30 UTC,Lebanon,Nour Kids,NourKids.lb,unavailable,Not tested — no public stream,No real stream URL,,0,example.invalid,https://example.invalid/iptv-no-stream/NourKids.lb
2026-08-30 10:13:30 UTC,Lebanon,Nour Mariam (576p),NourMariam.lb@SD,available,Invalid stream,https://svs.itworkscdn.net/nour9satlive/livestream/playlist.m3u8: Invalid data found when processing input,52,2,svs.itworkscdn.net,https://svs.itworkscdn.net/nour9satlive/livestream/playlist.m3u8
2026-08-30 10:13:30 UTC,Lebanon,NourSAT (576p),Noursat.lb@SD,available,Working,audio+video,628,1,svs.itworkscdn.net,https://svs.itworkscdn.net/nour4satlive/livestream/playlist.m3u8
2026-08-30 10:13:30 UTC,Lebanon,Noursat English (576p),NoursatEnglish.lb@SD,available,Working,audio+video,2441,1,svs.itworkscdn.net,https://svs.itworkscdn.net/noursatenglive/noursateng.smil/playlist.m3u8
2026-08-30 10:13:30 UTC,Lebanon,One TV (720p) [Not 24/7],OneTV.lb@SD,available,Restricted (403),https://hms.pfs.gdn/v1/broadcast/one/playlist.m3u8: Server returned 403 Forbidden (access denied),192,2,hms.pfs.gdn,https://hms.pfs.gdn/v1/broadcast/one/playlist.m3u8
2026-08-30 10:13:30 UTC,Lebanon,OneFM (720p) [Not 24/7],OneFM.lb@SD,available,Restricted (403),https://hms.pfs.gdn/v1/broadcast/onefm/playlist.m3u8: Server returned 403 Forbidden (access denied),204,2,hms.pfs.gdn,https://hms.pfs.gdn/v1/broadcast/onefm/playlist.m3u8
2026-08-30 10:13:30 UTC,Lebanon,OTV (1080p),OTV.lb@SD,available,Working,audio+video,4727,1,otv.hibridcdn.net,https://otv.hibridcdn.net/otv/tv_abr/playlist.m3u8
2026-08-30 10:13:30 UTC,Lebanon,Palestine Al Yawm (720p),PalestineAlYawm.lb@SD,available,Working,audio+video,6857,1,live.paltodaytv.com,https://live.paltodaytv.com/paltv/live/playlist_sfm4s.m3u8
2026-08-30 10:13:30 UTC,Lebanon,Red TV Lebanon (1080p),RedTVLebanon.lb@HD,available,Working,audio+video,5860,1,live.kwikmotion.com,https://live.kwikmotion.com/redtvlive/redtv.smil/playlist.m3u8
2026-08-30 10:13:30 UTC,Lebanon,Sawt El Mada,SawtElMada.lb,unavailable,Not tested — no public stream,No real stream URL,,0,example.invalid,https://example.invalid/iptv-no-stream/SawtElMada.lb
2026-08-30 10:13:30 UTC,Lebanon,Senses TV (1080p),SensesTV.lb@SD,available,Working,audio+video,2087,1,31.14.41.69,http://31.14.41.69:8080/hls/sensesonline/index.m3u8
2026-08-30 10:13:30 UTC,Lebanon,Sheikh Youssef Ftouni TV,SheikhYoussefFtouniTV.lb,unavailable,Not tested — no public stream,No real stream URL,,0,example.invalid,https://example.invalid/iptv-no-stream/SheikhYoussefFtouniTV.lb
2026-08-30 10:13:30 UTC,Lebanon,SPI Lebanon,SPILebanon.lb,unavailable,Not tested — no public stream,No real stream URL,,0,example.invalid,https://example.invalid/iptv-no-stream/SPILebanon.lb
2026-08-30 10:13:30 UTC,Lebanon,Suboro TV,SuboroTV.lb,unavailable,Not tested — no public stream,No real stream URL,,0,example.invalid,https://example.invalid/iptv-no-stream/SuboroTV.lb
2026-08-30 10:13:30 UTC,Lebanon,Taha TV (576p),TahaTV.lb@SD,available,Working,audio+video,2957,1,stream.starmenajo.com,https://stream.starmenajo.com/hls/app/live/ts:fhd.m3u8
2026-08-30 10:13:30 UTC,Lebanon,Tele Liban (720p) [Not 24/7],TeleLiban.lb@SD,available,Unauthorized (401),https://cdn.catiacast.video/abr/ed8f807e2548db4507d2a6f4ba0c4a06/playlist.m3u8: Server returned 401 Unauthorized (authorization failed),113,2,cdn.catiacast.video,https://cdn.catiacast.video/abr/ed8f807e2548db4507d2a6f4ba0c4a06/playlist.m3u8
2026-08-30 10:13:30 UTC,Lebanon,TV Seventeen,TVSeventeen.lb,unavailable,Not tested — no public stream,No real stream URL,,0,example.invalid,https://example.invalid/iptv-no-stream/TVSeventeen.lb
2026-08-30 10:13:30 UTC,Lebanon,UNews (1080p),UNews.lb@SD,available,Working,video,2171,1,cdn.catiacast.video,https://cdn.catiacast.video/abr/9436b5ab3c1171ab04a59af11951292f/playlist.m3u8
2026-08-30 10:13:30 UTC,Lebanon,Voice of Lebanon (1080p),VoiceofLebanon.lb@SD,available,Working,audio+video,4201,1,svs.itworkscdn.net,https://svs.itworkscdn.net/vdltvlive/vdltv.smil/playlist.m3u8
2026-08-30 10:13:30 UTC,Libya,218 News,218News.ly,unavailable,Not tested — no public stream,No real stream URL,,0,example.invalid,https://example.invalid/iptv-no-stream/218News.ly
2026-08-30 10:13:30 UTC,Libya,218TV,218TV.ly,unavailable,Not tested — no public stream,No real stream URL,,0,example.invalid,https://example.invalid/iptv-no-stream/218TV.ly
2026-08-30 10:13:30 UTC,Libya,Abu Surra TV,AbuSurraTV.ly,unavailable,Not tested — no public stream,No real stream URL,,0,example.invalid,https://example.invalid/iptv-no-stream/AbuSurraTV.ly
2026-08-30 10:13:30 UTC,Libya,Al Masar TV (576p),AlMasarTV.ly@SD,available,Working,audio+video,2477,1,starmenajo.com,https://starmenajo.com/hls/almasar/index.m3u8
2026-08-30 10:13:30 UTC,Libya,Ali Gate TV,AliGateTV.ly,unavailable,Not tested — no public stream,No real stream URL,,0,example.invalid,https://example.invalid/iptv-no-stream/AliGateTV.ly
2026-08-30 10:13:30 UTC,Libya,Allibiya TV,AllibiyaTV.ly,unavailable,Not tested — no public stream,No real stream URL,,0,example.invalid,https://example.invalid/iptv-no-stream/AllibiyaTV.ly
2026-08-30 10:13:30 UTC,Libya,February Channel,FebruaryChannel.ly,unavailable,Not tested — no public stream,No real stream URL,,0,example.invalid,https://example.invalid/iptv-no-stream/FebruaryChannel.ly
2026-08-30 10:13:30 UTC,Libya,Jamahiriya TV,JamahiriyaTV.ly,unavailable,Not tested — no public stream,No real stream URL,,0,example.invalid,https://example.invalid/iptv-no-stream/JamahiriyaTV.ly
2026-08-30 10:13:30 UTC,Libya,Libya Al Wataniya (360p),LibyaAlWataniya.ly@SD,available,Working,audio+video,4681,1,cdn-globecast.akamaized.net,https://cdn-globecast.akamaized.net/live/eds/libya_al_watanya/hls_roku/index.m3u8
2026-08-30 10:13:30 UTC,Libya,Libya Alhadath TV,LibyaAlhadathTV.ly,unavailable,Not tested — no public stream,No real stream URL,,0,example.invalid,https://example.invalid/iptv-no-stream/LibyaAlhadathTV.ly
2026-08-30 10:13:30 UTC,Libya,Libya Alrasmia Channel,LibyaAlrasmiaChannel.ly,unavailable,Not tested — no public stream,No real stream URL,,0,example.invalid,https://example.invalid/iptv-no-stream/LibyaAlrasmiaChannel.ly
2026-08-30 10:13:30 UTC,Libya,Libya Education TV,LibyaEducationTV.ly,unavailable,Not tested — no public stream,No real stream URL,,0,example.invalid,https://example.invalid/iptv-no-stream/LibyaEducationTV.ly
2026-08-30 10:13:30 UTC,Libya,Libya LY TV,LibyaLYTV.ly,unavailable,Not tested — no public stream,No real stream URL,,0,example.invalid,https://example.invalid/iptv-no-stream/LibyaLYTV.ly
2026-08-30 10:13:30 UTC,Libya,Libya Mostakbal,LibyaMostakbal.ly,unavailable,Not tested — no public stream,No real stream URL,,0,example.invalid,https://example.invalid/iptv-no-stream/LibyaMostakbal.ly
2026-08-30 10:13:30 UTC,Libya,Libya One,LibyaOne.ly,unavailable,Not tested — no public stream,No real stream URL,,0,example.invalid,https://example.invalid/iptv-no-stream/LibyaOne.ly
2026-08-30 10:13:30 UTC,Libya,Libya Panorama Channel,LibyaPanoramaChannel.ly,unavailable,Not tested — no public stream,No real stream URL,,0,example.invalid,https://example.invalid/iptv-no-stream/LibyaPanoramaChannel.ly
2026-08-30 10:13:30 UTC,Libya,Libya Sport TV 1,LibyaSportTV1.ly,unavailable,Not tested — no public stream,No real stream URL,,0,example.invalid,https://example.invalid/iptv-no-stream/LibyaSportTV1.ly
2026-08-30 10:13:30 UTC,Libya,Libya Sport TV 2,LibyaSportTV2.ly,unavailable,Not tested — no public stream,No real stream URL,,0,example.invalid,https://example.invalid/iptv-no-stream/LibyaSportTV2.ly
2026-08-30 10:13:30 UTC,Libya,New Libya Channel,NewLibyaChannel.ly,unavailable,Not tested — no public stream,No real stream URL,,0,example.invalid,https://example.invalid/iptv-no-stream/NewLibyaChannel.ly
2026-08-30 10:13:30 UTC,Libya,NLC Kids,NLCKids.ly,unavailable,Not tested — no public stream,No real stream URL,,0,example.invalid,https://example.invalid/iptv-no-stream/NLCKids.ly
2026-08-30 10:13:30 UTC,Libya,NLC News,NLCNews.ly,unavailable,Not tested — no public stream,No real stream URL,,0,example.invalid,https://example.invalid/iptv-no-stream/NLCNews.ly
2026-08-30 10:13:30 UTC,Libya,RTV Lebda,RTVLebda.ly,unavailable,Not tested — no public stream,No real stream URL,,0,example.invalid,https://example.invalid/iptv-no-stream/RTVLebda.ly
2026-08-30 10:13:30 UTC,Libya,Salam TV,SalamTV.ly,unavailable,Not tested — no public stream,No real stream URL,,0,example.invalid,https://example.invalid/iptv-no-stream/SalamTV.ly
2026-08-30 10:13:30 UTC,Libya,Tanasuh TV (1080p),TanasuhTV.ly@HD,available,Working,audio+video,10713,1,kilolink.pulsarstarsolutions.com,https://kilolink.pulsarstarsolutions.com/live/smil:tanasuhtv.smil/manifest.m3u8
2026-08-30 10:13:30 UTC,Libya,Waad Channels TV,WaadChannelsTV.ly,unavailable,Not tested — no public stream,No real stream URL,,0,example.invalid,https://example.invalid/iptv-no-stream/WaadChannelsTV.ly
2026-08-30 10:13:30 UTC,Libya,Wasat TV (1080p),WasatTV.ly@SD,available,Working,audio+video,7121,1,alwasattv.hibridcdn.net,https://alwasattv.hibridcdn.net/alwasattv/alwasat_abr/playlist.m3u8
2026-08-30 10:13:30 UTC,Mauritania,Al Barlemania,AlBarlemania.mr,unavailable,Not tested — no public stream,No real stream URL,,0,example.invalid,https://example.invalid/iptv-no-stream/AlBarlemania.mr
2026-08-30 10:13:30 UTC,Mauritania,Arriadia,Arriadia.mr,unavailable,Not tested — no public stream,No real stream URL,,0,example.invalid,https://example.invalid/iptv-no-stream/Arriadia.mr
2026-08-30 10:13:30 UTC,Mauritania,Athagavia,Athagavia.mr,unavailable,Not tested — no public stream,No real stream URL,,0,example.invalid,https://example.invalid/iptv-no-stream/Athagavia.mr
2026-08-30 10:13:30 UTC,Mauritania,Chinguit TV,ChinguitTV.mr,unavailable,Not tested — no public stream,No real stream URL,,0,example.invalid,https://example.invalid/iptv-no-stream/ChinguitTV.mr
2026-08-30 10:13:30 UTC,Mauritania,Dava TV,DavaTV.mr,unavailable,Not tested — no public stream,No real stream URL,,0,example.invalid,https://example.invalid/iptv-no-stream/DavaTV.mr
2026-08-30 10:13:30 UTC,Mauritania,El Mahadra,ElMahadra.mr,unavailable,Not tested — no public stream,No real stream URL,,0,example.invalid,https://example.invalid/iptv-no-stream/ElMahadra.mr
2026-08-30 10:13:30 UTC,Mauritania,El Medina,ElMedina.mr,unavailable,Not tested — no public stream,No real stream URL,,0,example.invalid,https://example.invalid/iptv-no-stream/ElMedina.mr
2026-08-30 10:13:30 UTC,Mauritania,El Oussra TV,ElOussraTV.mr,unavailable,Not tested — no public stream,No real stream URL,,0,example.invalid,https://example.invalid/iptv-no-stream/ElOussraTV.mr
2026-08-30 10:13:30 UTC,Mauritania,Elmourabiton TV,ElmourabitonTV.mr,unavailable,Not tested — no public stream,No real stream URL,,0,example.invalid,https://example.invalid/iptv-no-stream/ElmourabitonTV.mr
2026-08-30 10:13:30 UTC,Mauritania,Elmouritania,Elmouritania.mr,unavailable,Not tested — no public stream,No real stream URL,,0,example.invalid,https://example.invalid/iptv-no-stream/Elmouritania.mr
2026-08-30 10:13:30 UTC,Mauritania,Elmouritania 2,Elmouritania2.mr,unavailable,Not tested — no public stream,No real stream URL,,0,example.invalid,https://example.invalid/iptv-no-stream/Elmouritania2.mr
2026-08-30 10:13:30 UTC,Mauritania,Elwataniya TV,ElwataniyaTV.mr,unavailable,Not tested — no public stream,No real stream URL,,0,example.invalid,https://example.invalid/iptv-no-stream/ElwataniyaTV.mr
2026-08-30 10:13:30 UTC,Mauritania,Ghimem TV,GhimemTV.mr,unavailable,Not tested — no public stream,No real stream URL,,0,example.invalid,https://example.invalid/iptv-no-stream/GhimemTV.mr
2026-08-30 10:13:30 UTC,Mauritania,HOLPAC TV,HOLPACTV.mr,unavailable,Not tested — no public stream,No real stream URL,,0,example.invalid,https://example.invalid/iptv-no-stream/HOLPACTV.mr
2026-08-30 10:13:30 UTC,Mauritania,Sahara 24,Sahara24.mr,unavailable,Not tested — no public stream,No real stream URL,,0,example.invalid,https://example.invalid/iptv-no-stream/Sahara24.mr
2026-08-30 10:13:30 UTC,Mauritania,Sahel TV,SahelTV.mr,unavailable,Not tested — no public stream,No real stream URL,,0,example.invalid,https://example.invalid/iptv-no-stream/SahelTV.mr
2026-08-30 10:13:30 UTC,Morocco,2M,2M.ma@SD,available,Working,audio,1652,1,185.9.2.18,http://185.9.2.18/chid_218/index.m3u8
2026-08-30 10:13:30 UTC,Morocco,2M MENA,2MMENA.ma,unavailable,Not tested — no public stream,No real stream URL,,0,example.invalid,https://example.invalid/iptv-no-stream/2MMENA.ma
2026-08-30 10:13:30 UTC,Morocco,2M Monde +1 (1080p),2MMonde.ma@Plus1,available,Working,audio+video,4932,1,d2qh3gh0k5vp3v.cloudfront.net,https://d2qh3gh0k5vp3v.cloudfront.net/v1/master/3722c60a815c199d9c0ef36c5b73da68a62b09d1/cc-n6pess5lwbghr/2M_ES.m3u8
2026-08-30 10:13:30 UTC,Morocco,Aflam TV,AflamTV.ma,unavailable,Not tested — no public stream,No real stream URL,,0,example.invalid,https://example.invalid/iptv-no-stream/AflamTV.ma
2026-08-30 10:13:30 UTC,Morocco,Al Aoula,AlAoula.ma,unavailable,Not tested — no public stream,No real stream URL,,0,example.invalid,https://example.invalid/iptv-no-stream/AlAoula.ma
2026-08-30 10:13:30 UTC,Morocco,Al Maghribia (1080p),AlMaghribia.ma@SD,available,Working,audio+video,1705,1,185.9.2.18,http://185.9.2.18/chid_205/index.m3u8
2026-08-30 10:13:30 UTC,Morocco,Al Ons TV,AlOnsTV.ma,unavailable,Not tested — no public stream,No real stream URL,,0,example.invalid,https://example.invalid/iptv-no-stream/AlOnsTV.ma
2026-08-30 10:13:30 UTC,Morocco,Arryadia,Arryadia.ma@SD,available,Working,audio,1871,1,149.100.11.252,http://149.100.11.252:8000/play/a065/index.m3u8
2026-08-30 10:13:30 UTC,Morocco,Arryadia HD1,ArryadiaHD1.ma,unavailable,Not tested — no public stream,No real stream URL,,0,example.invalid,https://example.invalid/iptv-no-stream/ArryadiaHD1.ma
2026-08-30 10:13:30 UTC,Morocco,Arryadia HD2,ArryadiaHD2.ma,unavailable,Not tested — no public stream,No real stream URL,,0,example.invalid,https://example.invalid/iptv-no-stream/ArryadiaHD2.ma
2026-08-30 10:13:30 UTC,Morocco,Arryadia HD3,ArryadiaHD3.ma,unavailable,Not tested — no public stream,No real stream URL,,0,example.invalid,https://example.invalid/iptv-no-stream/ArryadiaHD3.ma
2026-08-30 10:13:30 UTC,Morocco,Assadissa,Assadissa.ma,unavailable,Not tested — no public stream,No real stream URL,,0,example.invalid,https://example.invalid/iptv-no-stream/Assadissa.ma
2026-08-30 10:13:30 UTC,Morocco,Athaqafia,Athaqafia.ma,unavailable,Not tested — no public stream,No real stream URL,,0,example.invalid,https://example.invalid/iptv-no-stream/Athaqafia.ma
2026-08-30 10:13:30 UTC,Morocco,Campus Maroc TV,CampusMarocTV.ma,unavailable,Not tested — no public stream,No real stream URL,,0,example.invalid,https://example.invalid/iptv-no-stream/CampusMarocTV.ma
2026-08-30 10:13:30 UTC,Morocco,Canal Atlas Fight,CanalAtlasFight.ma,unavailable,Not tested — no public stream,No real stream URL,,0,example.invalid,https://example.invalid/iptv-no-stream/CanalAtlasFight.ma
2026-08-30 10:13:30 UTC,Morocco,Chada TV (720p),ChadaTV.ma@SD,available,Working,audio+video,8553,1,edge13.vedge.infomaniak.com,https://edge13.vedge.infomaniak.com/livecast/ik:chadatv/manifest.m3u8
2026-08-30 10:13:30 UTC,Morocco,Chouf TV,ChoufTV.ma,unavailable,Not tested — no public stream,No real stream URL,,0,example.invalid,https://example.invalid/iptv-no-stream/ChoufTV.ma
2026-08-30 10:13:30 UTC,Morocco,Cote & Sport 1,CoteSport1.ma,unavailable,Not tested — no public stream,No real stream URL,,0,example.invalid,https://example.invalid/iptv-no-stream/CoteSport1.ma
2026-08-30 10:13:30 UTC,Morocco,Cote & Sport 2,CoteSport2.ma,unavailable,Not tested — no public stream,No real stream URL,,0,example.invalid,https://example.invalid/iptv-no-stream/CoteSport2.ma
2026-08-30 10:13:30 UTC,Morocco,L'Match,LMatch.ma,unavailable,Not tested — no public stream,No real stream URL,,0,example.invalid,https://example.invalid/iptv-no-stream/LMatch.ma
2026-08-30 10:13:30 UTC,Morocco,Laayoune TV,LaayouneTV.ma,unavailable,Not tested — no public stream,No real stream URL,,0,example.invalid,https://example.invalid/iptv-no-stream/LaayouneTV.ma
2026-08-30 10:13:30 UTC,Morocco,M24 TV,M24TV.ma,unavailable,Not tested — no public stream,No real stream URL,,0,example.invalid,https://example.invalid/iptv-no-stream/M24TV.ma
2026-08-30 10:13:30 UTC,Morocco,Medi1TV Afrique (1080p),Medi1TVAfrique.ma@SD,available,Working,audio+video,4454,1,cdn.live.easybroadcast.io,https://cdn.live.easybroadcast.io/abr_corp/83_medi1tv-afrique_tm7tu45/playlist.m3u8
2026-08-30 10:13:30 UTC,Morocco,Medi 1 TV Arabic (1080p),Medi1TVArabic.ma@SD,available,Working,audio+video,4097,1,cdn.live.easybroadcast.io,https://cdn.live.easybroadcast.io/abr_corp/83_medi1tv-arabic_g90v4ec/playlist.m3u8
2026-08-30 10:13:30 UTC,Morocco,Medi 1 TV Maghreb (1080p),Medi1TVMaghreb.ma@SD,available,Working,audio+video,3358,1,cdn.live.easybroadcast.io,https://cdn.live.easybroadcast.io/abr_corp/83_medi1tv-maghreb_jnbspmg/playlist.m3u8
2026-08-30 10:13:30 UTC,Morocco,Sloog,Sloog.ma,unavailable,Not tested — no public stream,No real stream URL,,0,example.invalid,https://example.invalid/iptv-no-stream/Sloog.ma
2026-08-30 10:13:30 UTC,Morocco,Sorec TV,SorecTV.ma,unavailable,Not tested — no public stream,No real stream URL,,0,example.invalid,https://example.invalid/iptv-no-stream/SorecTV.ma
2026-08-30 10:13:30 UTC,Morocco,StoryChannel TV (720p),StoryChannelTV.ma@SD,available,Working,audio+video,2303,1,136044159.r.cdnsun.net,https://136044159.r.cdnsun.net/storychannel.m3u8
2026-08-30 10:13:30 UTC,Morocco,Tamazight TV,TamazightTV.ma,unavailable,Not tested — no public stream,No real stream URL,,0,example.invalid,https://example.invalid/iptv-no-stream/TamazightTV.ma
2026-08-30 10:13:30 UTC,Morocco,Tele Maroc,TeleMaroc.ma,unavailable,Not tested — no public stream,No real stream URL,,0,example.invalid,https://example.invalid/iptv-no-stream/TeleMaroc.ma
2026-08-30 10:13:30 UTC,Oman,Alistiqama TV (576p),AlistiqamaTV.om@SD,available,Working,audio+video,5483,1,jmc-live.ercdn.net,https://jmc-live.ercdn.net/alistiqama/alistiqama.m3u8
2026-08-30 10:13:30 UTC,Oman,Majan TV,MajanTV.om,unavailable,Not tested — no public stream,No real stream URL,,0,example.invalid,https://example.invalid/iptv-no-stream/MajanTV.om
2026-08-30 10:13:30 UTC,Oman,Oman Sports TV (1080p) [Not 24/7],OmanSportsTV.om@SD,available,Working,audio+video,5123,1,partneta.cdn.mgmlcdn.com,https://partneta.cdn.mgmlcdn.com/omsport/smil:omsport.stream.smil/chunklist.m3u8
2026-08-30 10:13:30 UTC,Oman,Oman TV (1080p),OmanTV.om@SD,available,Working,audio+video,4509,1,partneta.cdn.mgmlcdn.com,https://partneta.cdn.mgmlcdn.com/omantv/smil:omantv.stream.smil/chunklist.m3u8
2026-08-30 10:13:30 UTC,Oman,Oman Althakafia (1080p),OmanTVCultural.om@SD,available,Working,audio+video,9923,1,partwota.cdn.mgmlcdn.com,https://partwota.cdn.mgmlcdn.com/omcultural/smil:omcultural.stream.smil/chunklist.m3u8
2026-08-30 10:13:30 UTC,Oman,Oman Mubashir (1080p),OmanTVMubashir.om@SD,available,Working,audio+video,9946,1,partwota.cdn.mgmlcdn.com,https://partwota.cdn.mgmlcdn.com/omlive/smil:omlive.stream.smil/chunklist.m3u8
2026-08-30 10:13:30 UTC,Palestine,7ala TV,7alaTV.ps,unavailable,Not tested — no public stream,No real stream URL,,0,example.invalid,https://example.invalid/iptv-no-stream/7alaTV.ps
2026-08-30 10:13:30 UTC,Palestine,Ajyal TV (720p),AjyalTV.ps@SD,available,Working,audio+video,4462,1,htvajyal.mada.ps,http://htvajyal.mada.ps:8888/ajyal/index.m3u8
2026-08-30 10:13:30 UTC,Palestine,Al Madina (720p),AlMadina.ps@SD,available,Working,audio+video,4894,1,streaming.zaytonatube.com,https://streaming.zaytonatube.com:8081/AlMadinatv/almadina21/index.m3u8
2026-08-30 10:13:30 UTC,Palestine,Al Najah News (720p),AlNajahNews.ps@SD,available,Working,audio+video,16215,1,streaming.najah.edu,https://streaming.najah.edu:8443/hls/AlNajah.m3u8
2026-08-30 10:13:30 UTC,Palestine,Al-Aqsa TV,AlAqsaTV.ps,unavailable,Not tested — no public stream,No real stream URL,,0,example.invalid,https://example.invalid/iptv-no-stream/AlAqsaTV.ps
2026-08-30 10:13:30 UTC,Palestine,Awdah TV,AwdahTV.ps,unavailable,Not tested — no public stream,No real stream URL,,0,example.invalid,https://example.invalid/iptv-no-stream/AwdahTV.ps
2026-08-30 10:13:30 UTC,Palestine,Baladna,Baladna.ps,unavailable,Not tested — no public stream,No real stream URL,,0,example.invalid,https://example.invalid/iptv-no-stream/Baladna.ps
2026-08-30 10:13:30 UTC,Palestine,Fajer TV 1,FajerTV1.ps,unavailable,Not tested — no public stream,No real stream URL,,0,example.invalid,https://example.invalid/iptv-no-stream/FajerTV1.ps
2026-08-30 10:13:30 UTC,Palestine,Fajer TV 2,FajerTV2.ps,unavailable,Not tested — no public stream,No real stream URL,,0,example.invalid,https://example.invalid/iptv-no-stream/FajerTV2.ps
2026-08-30 10:13:30 UTC,Palestine,Falastini TV (1080p),FalastiniTV.ps@SD,available,Working,audio+video,3307,1,rp.tactivemedia.com,https://rp.tactivemedia.com/palestiniantv_source/live/playlist.m3u8
2026-08-30 10:13:30 UTC,Palestine,Hala Ramallah,HalaRamallah.ps,unavailable,Not tested — no public stream,No real stream URL,,0,example.invalid,https://example.invalid/iptv-no-stream/HalaRamallah.ps
2026-08-30 10:13:30 UTC,Palestine,Hebron Sat,HebronSat.ps,unavailable,Not tested — no public stream,No real stream URL,,0,example.invalid,https://example.invalid/iptv-no-stream/HebronSat.ps
2026-08-30 10:13:30 UTC,Palestine,Hekaya TV,HekayaTV.ps,unavailable,Not tested — no public stream,No real stream URL,,0,example.invalid,https://example.invalid/iptv-no-stream/HekayaTV.ps
2026-08-30 10:13:30 UTC,Palestine,Hettin,Hettin.ps,unavailable,Not tested — no public stream,No real stream URL,,0,example.invalid,https://example.invalid/iptv-no-stream/Hettin.ps
2026-08-30 10:13:30 UTC,Palestine,Holy Quran Radio Nablus (720p),HolyQuranRadioNablus.ps@SD,available,Working,audio+video,1995,1,streaming.zaytonatube.com,http://streaming.zaytonatube.com:8080/holyquran/holyquran/video.m3u8
2026-08-30 10:13:30 UTC,Palestine,Kolalnas TV,KolalnasTV.ps@SD,available,Restricted (403),https://htvint.mada.ps/kolalnas/index.m3u8: Server returned 403 Forbidden (access denied),1966,2,htvint.mada.ps,https://htvint.mada.ps/kolalnas/index.m3u8
2026-08-30 10:13:30 UTC,Palestine,Ma'an TV (720p),MaanTV.ps@SD,available,Working,audio+video,5730,1,htvmada.mada.ps,https://htvmada.mada.ps:4443/maannews/index.m3u8
2026-08-30 10:13:30 UTC,Palestine,Marah FM,MarahFM.ps,unavailable,Not tested — no public stream,No real stream URL,,0,example.invalid,https://example.invalid/iptv-no-stream/MarahFM.ps
2026-08-30 10:13:30 UTC,Palestine,Mawwal,Mawwal.ps,unavailable,Not tested — no public stream,No real stream URL,,0,example.invalid,https://example.invalid/iptv-no-stream/Mawwal.ps
2026-08-30 10:13:30 UTC,Palestine,"like Gecko) Chrome/92.0.4515.131 Safari/537.36"" group-title=""Palestine"",MusawaChannel (1080p) [Not 24/7]",MusawaChannel.ps@SD,available,Working,audio+video,11876,1,pbc.furrera.ps,https://pbc.furrera.ps/musawahd/index.m3u8
2026-08-30 10:13:30 UTC,Palestine,Nablus TV (720p) [Not 24/7],NablusTV.ps@SD,available,Not found (404),http://htvmada.mada.ps:8888/nabluslive/index.m3u8: Server returned 404 Not Found,593,2,htvmada.mada.ps,http://htvmada.mada.ps:8888/nabluslive/index.m3u8
2026-08-30 10:13:30 UTC,Palestine,Nativity TV,NativityTV.ps,unavailable,Not tested — no public stream,No real stream URL,,0,example.invalid,https://example.invalid/iptv-no-stream/NativityTV.ps
2026-08-30 10:13:30 UTC,Palestine,Palestine Edu (1080p),PalestineEdu.ps@SD,available,Restricted (403),https://pbc.furrera.ps/PalestineEDU/index.m3u8: Server returned 403 Forbidden (access denied),1232,2,pbc.furrera.ps,https://pbc.furrera.ps/PalestineEDU/index.m3u8
2026-08-30 10:13:30 UTC,Palestine,"like Gecko) Chrome/92.0.4515.131 Safari/537.36"" group-title=""Palestine"",Palestine Mubasher (1080p)",PalestineMubasher.ps@SD,available,Working,audio+video,11464,1,pbc.furrera.ps,https://pbc.furrera.ps/palestinelivehd/index.m3u8
2026-08-30 10:13:30 UTC,Palestine,Palestine News Network,PalestineNewsNetwork.ps,unavailable,Not tested — no public stream,No real stream URL,,0,example.invalid,https://example.invalid/iptv-no-stream/PalestineNewsNetwork.ps
2026-08-30 10:13:30 UTC,Palestine,"like Gecko) Chrome/92.0.4515.131 Safari/537.36"" group-title=""Palestine"",Palestine Satellite Channel (1080p)",PalestineSatelliteChannel.ps@SD,available,Working,audio+video,11158,1,pbc.furrera.ps,https://pbc.furrera.ps/palestinehd/index.m3u8
2026-08-30 10:13:30 UTC,Palestine,Palestine Sport,PalestineSport.ps,unavailable,Not tested — no public stream,No real stream URL,,0,example.invalid,https://example.invalid/iptv-no-stream/PalestineSport.ps
2026-08-30 10:13:30 UTC,Palestine,Palestine Today (480p) [Geo-blocked],PalestineToday.ps@SD,available,Working,audio+video,6504,1,live.paltodaytv.com,https://live.paltodaytv.com/paltv/live/playlist.m3u8
2026-08-30 10:13:30 UTC,Palestine,Palestine TV,PalestineTV.ps,unavailable,Not tested — no public stream,No real stream URL,,0,example.invalid,https://example.invalid/iptv-no-stream/PalestineTV.ps
2026-08-30 10:13:30 UTC,Palestine,Radio Albalad TV (720p),RadioAlbaladTV.ps@SD,available,Not found (404),http://streaming.zaytonatube.com:8080/radioalbalad/radioalbalad/playlist.m3u8: Server returned 404 Not Found,382,2,streaming.zaytonatube.com,http://streaming.zaytonatube.com:8080/radioalbalad/radioalbalad/playlist.m3u8
2026-08-30 10:13:30 UTC,Palestine,Rajeen TV (1080p) [Not 24/7],RajeenTV.ps@SD,available,Working,audio+video,3021,1,mn-nl.mncdn.com,https://mn-nl.mncdn.com/palabroad/live/playlist.m3u8
2026-08-30 10:13:30 UTC,Palestine,Raya 1,Raya1.ps,unavailable,Not tested — no public stream,No real stream URL,,0,example.invalid,https://example.invalid/iptv-no-stream/Raya1.ps
2026-08-30 10:13:30 UTC,Palestine,Raya 2,Raya2.ps,unavailable,Not tested — no public stream,No real stream URL,,0,example.invalid,https://example.invalid/iptv-no-stream/Raya2.ps
2026-08-30 10:13:30 UTC,Palestine,Raya 3,Raya3.ps,unavailable,Not tested — no public stream,No real stream URL,,0,example.invalid,https://example.invalid/iptv-no-stream/Raya3.ps
2026-08-30 10:13:30 UTC,Palestine,Salam TV,SalamTV.ps,unavailable,Not tested — no public stream,No real stream URL,,0,example.invalid,https://example.invalid/iptv-no-stream/SalamTV.ps
2026-08-30 10:13:30 UTC,Palestine,Seraj TV (1080i),SerajTV.ps@SD,available,Working,audio+video,4443,1,43869de4e1a0d641.servers.dvcloud.tv,https://43869de4e1a0d641.servers.dvcloud.tv/hls/al_aqsa_channel/6udfi7v8a3eof6nlps6e9ovfrs65c7l7.m3u8
2026-08-30 10:13:30 UTC,Palestine,Shabab FM (720p) [Not 24/7],ShababFM.ps@SD,available,Working,audio+video,4674,1,streaming.zaytonatube.com,https://streaming.zaytonatube.com:8081/ShababFM/shabab/index.m3u8
2026-08-30 10:13:30 UTC,Palestine,Watar TV (720p) [Not 24/7],WatarTV.ps@SD,available,Working,audio+video,2920,1,htvint.mada.ps,http://htvint.mada.ps:8889/orient/index.m3u8
2026-08-30 10:13:30 UTC,Palestine,Wattan TV,WattanTV.ps@SD,available,Working,audio+video,5394,1,htvmada.mada.ps,https://htvmada.mada.ps:4443/wattan/index.m3u8
2026-08-30 10:13:30 UTC,Qatar,Al Araby TV (1080p),AlArabyTV.qa@SD,available,Working,audio+video,9545,1,live.kwikmotion.com,https://live.kwikmotion.com/alaraby1live/alaraby_abr/playlist.m3u8
2026-08-30 10:13:30 UTC,Qatar,Al Araby TV 2 (1080p),AlArabyTV2.qa@SD,available,Working,audio+video,7422,1,live.kwikmotion.com,https://live.kwikmotion.com/alaraby2live/alaraby2.smil/playlist.m3u8
2026-08-30 10:13:30 UTC,Qatar,Al Jazeera English (1080p),AlJazeera.qa@English,available,Working,audio+video,16374,1,live-hls-apps-aje-fa.getaj.net,https://live-hls-apps-aje-fa.getaj.net/AJE/index.m3u8
2026-08-30 10:13:30 UTC,Qatar,Al Jazeera 2 (1080p),AlJazeera2.qa@HD,available,Working,audio+video,8070,1,live-hls-web-aja2-gcp.thehlive.com,https://live-hls-web-aja2-gcp.thehlive.com/AJA2/index.m3u8
2026-08-30 10:13:30 UTC,Qatar,Al Jazeera Documentary (1080p) [Geo-blocked],AlJazeeraDocumentary.qa@SD,available,Restricted (403),https://live-hls-apps-ajd-fa.getaj.net/AJD/index.m3u8: Server returned 403 Forbidden (access denied),68,2,live-hls-apps-ajd-fa.getaj.net,https://live-hls-apps-ajd-fa.getaj.net/AJD/index.m3u8
2026-08-30 10:13:30 UTC,Qatar,Al Jazeera Mubasher (1080p),AlJazeeraMubasher.qa@SD,available,Working,audio+video,15709,2,live-hls-apps-ajm-fa.getaj.net,https://live-hls-apps-ajm-fa.getaj.net/AJM/index.m3u8
2026-08-30 10:13:30 UTC,Qatar,Al Jazeera Mubasher 24 (1080p),AlJazeeraMubasher24.qa@SD,available,Working,audio+video,12140,1,live-hls-apps-ajm24-fa.getaj.net,https://live-hls-apps-ajm24-fa.getaj.net/AJM24/index.m3u8
2026-08-30 10:13:30 UTC,Qatar,Al Jazeera Mubasher Broadcast 2 (1080p),AlJazeeraMubasherBroadcast2.qa@SD,available,Working,audio+video,7267,1,live-hls-apps-ajm2-fa.getaj.net,https://live-hls-apps-ajm2-fa.getaj.net/AJM2/index.m3u8
2026-08-30 10:13:30 UTC,Qatar,Al Maaref TV (1080p),AlMaarefTV.qa@SD,available,Working,audio+video,5045,1,bucharest.zeuscdn724.com,https://bucharest.zeuscdn724.com/lb0/CH-AL-MA/index.m3u8
2026-08-30 10:13:30 UTC,Qatar,Al Rassoul,AlRassoul.qa,unavailable,Not tested — no public stream,No real stream URL,,0,example.invalid,https://example.invalid/iptv-no-stream/AlRassoul.qa
2026-08-30 10:13:30 UTC,Qatar,Al Rayyan Al Qadeem (1080p),AlRayyanOldTV.qa@SD,available,Working,audio+video,4907,1,alrayyancdn.vidgyor.com,https://alrayyancdn.vidgyor.com/pub-nooldraybinbdh/liveabr/playlist_dvr.m3u8
2026-08-30 10:13:30 UTC,Qatar,Al Rayyan (1080p),AlRayyanTV.qa@SD,available,Working,audio+video,4662,1,alrayyancdn.vidgyor.com,https://alrayyancdn.vidgyor.com/pub-noalrayy3pwz0l/liveabr/playlist_dvr.m3u8
2026-08-30 10:13:30 UTC,Qatar,Alkass Eight,AlkassEight.qa,unavailable,Not tested — no public stream,No real stream URL,,0,example.invalid,https://example.invalid/iptv-no-stream/AlkassEight.qa
2026-08-30 10:13:30 UTC,Qatar,Alkass Eleven,AlkassEleven.qa,unavailable,Not tested — no public stream,No real stream URL,,0,example.invalid,https://example.invalid/iptv-no-stream/AlkassEleven.qa
2026-08-30 10:13:30 UTC,Qatar,Alkass Five,AlkassFive.qa,unavailable,Not tested — no public stream,No real stream URL,,0,example.invalid,https://example.invalid/iptv-no-stream/AlkassFive.qa
2026-08-30 10:13:30 UTC,Qatar,Alkass Four (1080p),AlkassFour.qa@SD,available,Restricted (403),https://liveeu-gcp.alkassdigital.net/alkass4-p/main.m3u8: Server returned 403 Forbidden (access denied),56,2,liveeu-gcp.alkassdigital.net,https://liveeu-gcp.alkassdigital.net/alkass4-p/main.m3u8
2026-08-30 10:13:30 UTC,Qatar,Alkass Nine,AlkassNine.qa,unavailable,Not tested — no public stream,No real stream URL,,0,example.invalid,https://example.invalid/iptv-no-stream/AlkassNine.qa
2026-08-30 10:13:30 UTC,Qatar,Alkass One (1080p),AlkassOne.qa@SD,available,Restricted (403),https://liveeu-gcp.alkassdigital.net/alkass1-p/main.m3u8: Server returned 403 Forbidden (access denied),53,2,liveeu-gcp.alkassdigital.net,https://liveeu-gcp.alkassdigital.net/alkass1-p/main.m3u8
2026-08-30 10:13:30 UTC,Qatar,Alkass Seven,AlkassSeven.qa,unavailable,Not tested — no public stream,No real stream URL,,0,example.invalid,https://example.invalid/iptv-no-stream/AlkassSeven.qa
2026-08-30 10:13:30 UTC,Qatar,Alkass SHOOF (1080p),AlkassSHOOF.qa@SD,available,Restricted (403),https://liveeu-gcp.alkassdigital.net/shooflive/main.m3u8: Server returned 403 Forbidden (access denied),56,2,liveeu-gcp.alkassdigital.net,https://liveeu-gcp.alkassdigital.net/shooflive/main.m3u8
2026-08-30 10:13:30 UTC,Qatar,Alkass SHOOF 2 (1080p),AlkassSHOOF2.qa@SD,available,Restricted (403),https://liveeu-gcp.alkassdigital.net/shooflive2/main.m3u8: Server returned 403 Forbidden (access denied),57,2,liveeu-gcp.alkassdigital.net,https://liveeu-gcp.alkassdigital.net/shooflive2/main.m3u8
2026-08-30 10:13:30 UTC,Qatar,Alkass Six (1080p),AlkassSix.qa@SD,available,Restricted (403),https://liveeu-gcp.alkassdigital.net/alkass6-p/main.m3u8: Server returned 403 Forbidden (access denied),54,2,liveeu-gcp.alkassdigital.net,https://liveeu-gcp.alkassdigital.net/alkass6-p/main.m3u8
2026-08-30 10:13:30 UTC,Qatar,Alkass Ten,AlkassTen.qa,unavailable,Not tested — no public stream,No real stream URL,,0,example.invalid,https://example.invalid/iptv-no-stream/AlkassTen.qa
2026-08-30 10:13:30 UTC,Qatar,Alkass Three (1080p),AlkassThree.qa@SD,available,Restricted (403),https://liveeu-gcp.alkassdigital.net/alkass3-p/main.m3u8: Server returned 403 Forbidden (access denied),53,2,liveeu-gcp.alkassdigital.net,https://liveeu-gcp.alkassdigital.net/alkass3-p/main.m3u8
2026-08-30 10:13:30 UTC,Qatar,Alkass Two (1080p),AlkassTwo.qa@SD,available,Restricted (403),https://liveeu-gcp.alkassdigital.net/alkass2-p/main.m3u8: Server returned 403 Forbidden (access denied),54,2,liveeu-gcp.alkassdigital.net,https://liveeu-gcp.alkassdigital.net/alkass2-p/main.m3u8
2026-08-30 10:13:30 UTC,Qatar,Baraem,Baraem.qa,unavailable,Not tested — no public stream,No real stream URL,,0,example.invalid,https://example.invalid/iptv-no-stream/Baraem.qa
2026-08-30 10:13:30 UTC,Qatar,Be Junior,BeJunior.qa,unavailable,Not tested — no public stream,No real stream URL,,0,example.invalid,https://example.invalid/iptv-no-stream/BeJunior.qa
2026-08-30 10:13:30 UTC,Qatar,beIN 4K,beIN4K.qa,unavailable,Not tested — no public stream,No real stream URL,,0,example.invalid,https://example.invalid/iptv-no-stream/beIN4K.qa
2026-08-30 10:13:30 UTC,Qatar,beIN Box Office 1,beINBoxOffice1.qa,unavailable,Not tested — no public stream,No real stream URL,,0,example.invalid,https://example.invalid/iptv-no-stream/beINBoxOffice1.qa
2026-08-30 10:13:30 UTC,Qatar,beIN Box Office 2,beINBoxOffice2.qa,unavailable,Not tested — no public stream,No real stream URL,,0,example.invalid,https://example.invalid/iptv-no-stream/beINBoxOffice2.qa
2026-08-30 10:13:30 UTC,Qatar,beIN Drama 1,beINDrama1.qa,unavailable,Not tested — no public stream,No real stream URL,,0,example.invalid,https://example.invalid/iptv-no-stream/beINDrama1.qa
2026-08-30 10:13:30 UTC,Qatar,beIN Gourmet,beINGourmet.qa,unavailable,Not tested — no public stream,No real stream URL,,0,example.invalid,https://example.invalid/iptv-no-stream/beINGourmet.qa
2026-08-30 10:13:30 UTC,Qatar,beIN Movies 1 Premiere,beINMovies1Premiere.qa,unavailable,Not tested — no public stream,No real stream URL,,0,example.invalid,https://example.invalid/iptv-no-stream/beINMovies1Premiere.qa
2026-08-30 10:13:30 UTC,Qatar,beIN Movies 2 Action,beINMovies2Action.qa,unavailable,Not tested — no public stream,No real stream URL,,0,example.invalid,https://example.invalid/iptv-no-stream/beINMovies2Action.qa
2026-08-30 10:13:30 UTC,Qatar,beIN Movies 3 Drama,beINMovies3Drama.qa,unavailable,Not tested — no public stream,No real stream URL,,0,example.invalid,https://example.invalid/iptv-no-stream/beINMovies3Drama.qa
2026-08-30 10:13:30 UTC,Qatar,beIN Movies 4 Family,beINMovies4Family.qa,unavailable,Not tested — no public stream,No real stream URL,,0,example.invalid,https://example.invalid/iptv-no-stream/beINMovies4Family.qa
2026-08-30 10:13:30 UTC,Qatar,beIN Series 1,beINSeries1.qa,unavailable,Not tested — no public stream,No real stream URL,,0,example.invalid,https://example.invalid/iptv-no-stream/beINSeries1.qa
2026-08-30 10:13:30 UTC,Qatar,beIN Series 2,beINSeries2.qa,unavailable,Not tested — no public stream,No real stream URL,,0,example.invalid,https://example.invalid/iptv-no-stream/beINSeries2.qa
2026-08-30 10:13:30 UTC,Qatar,beIN Sports [Blocked: dmca],beINSports.qa,blocked,Not tested — blocklisted,IPTV-org blocklist,,0,example.invalid,https://example.invalid/iptv-no-stream/beINSports.qa
2026-08-30 10:13:30 UTC,Qatar,beIN Sports 1 [Blocked: dmca],beINSports1.qa,blocked,Not tested — blocklisted,IPTV-org blocklist,,0,example.invalid,https://example.invalid/iptv-no-stream/beINSports1.qa
2026-08-30 10:13:30 UTC,Qatar,beIN Sports 2 [Blocked: dmca],beINSports2.qa,blocked,Not tested — blocklisted,IPTV-org blocklist,,0,example.invalid,https://example.invalid/iptv-no-stream/beINSports2.qa
2026-08-30 10:13:30 UTC,Qatar,beIN Sports 3 [Blocked: dmca],beINSports3.qa,blocked,Not tested — blocklisted,IPTV-org blocklist,,0,example.invalid,https://example.invalid/iptv-no-stream/beINSports3.qa
2026-08-30 10:13:30 UTC,Qatar,beIN Sports 4 [Blocked: dmca],beINSports4.qa,blocked,Not tested — blocklisted,IPTV-org blocklist,,0,example.invalid,https://example.invalid/iptv-no-stream/beINSports4.qa
2026-08-30 10:13:30 UTC,Qatar,beIN Sports 4K HDR,beINSports4KHDR.qa,unavailable,Not tested — no public stream,No real stream URL,,0,example.invalid,https://example.invalid/iptv-no-stream/beINSports4KHDR.qa
2026-08-30 10:13:30 UTC,Qatar,beIN Sports 5 [Blocked: dmca],beINSports5.qa,blocked,Not tested — blocklisted,IPTV-org blocklist,,0,example.invalid,https://example.invalid/iptv-no-stream/beINSports5.qa
2026-08-30 10:13:30 UTC,Qatar,beIN Sports 6 [Blocked: dmca],beINSports6.qa,blocked,Not tested — blocklisted,IPTV-org blocklist,,0,example.invalid,https://example.invalid/iptv-no-stream/beINSports6.qa
2026-08-30 10:13:30 UTC,Qatar,beIN Sports 7 [Blocked: dmca],beINSports7.qa,blocked,Not tested — blocklisted,IPTV-org blocklist,,0,example.invalid,https://example.invalid/iptv-no-stream/beINSports7.qa
2026-08-30 10:13:30 UTC,Qatar,beIN Sports 8 [Blocked: dmca],beINSports8.qa,blocked,Not tested — blocklisted,IPTV-org blocklist,,0,example.invalid,https://example.invalid/iptv-no-stream/beINSports8.qa
2026-08-30 10:13:30 UTC,Qatar,beIN Sports AFC,beINSportsAFC.qa,unavailable,Not tested — no public stream,No real stream URL,,0,example.invalid,https://example.invalid/iptv-no-stream/beINSportsAFC.qa
2026-08-30 10:13:30 UTC,Qatar,beIN Sports AFC 1,beINSportsAFC1.qa,unavailable,Not tested — no public stream,No real stream URL,,0,example.invalid,https://example.invalid/iptv-no-stream/beINSportsAFC1.qa
2026-08-30 10:13:30 UTC,Qatar,beIN Sports AFC 2,beINSportsAFC2.qa,unavailable,Not tested — no public stream,No real stream URL,,0,example.invalid,https://example.invalid/iptv-no-stream/beINSportsAFC2.qa
2026-08-30 10:13:30 UTC,Qatar,beIN Sports AFC 3,beINSportsAFC3.qa,unavailable,Not tested — no public stream,No real stream URL,,0,example.invalid,https://example.invalid/iptv-no-stream/beINSportsAFC3.qa
2026-08-30 10:13:30 UTC,Qatar,beIN Sports en Espanol,beINSportsenEspanol.qa,unavailable,Not tested — no public stream,No real stream URL,,0,example.invalid,https://example.invalid/iptv-no-stream/beINSportsenEspanol.qa
2026-08-30 10:13:30 UTC,Qatar,beIN Sports English 1 [Blocked: dmca],beINSportsEnglish1.qa,blocked,Not tested — blocklisted,IPTV-org blocklist,,0,example.invalid,https://example.invalid/iptv-no-stream/beINSportsEnglish1.qa
2026-08-30 10:13:30 UTC,Qatar,beIN Sports English 2 [Blocked: dmca],beINSportsEnglish2.qa,blocked,Not tested — blocklisted,IPTV-org blocklist,,0,example.invalid,https://example.invalid/iptv-no-stream/beINSportsEnglish2.qa
2026-08-30 10:13:30 UTC,Qatar,beIN Sports English 3 [Blocked: dmca],beINSportsEnglish3.qa,blocked,Not tested — blocklisted,IPTV-org blocklist,,0,example.invalid,https://example.invalid/iptv-no-stream/beINSportsEnglish3.qa
2026-08-30 10:13:30 UTC,Qatar,beIN Sports French 1 [Blocked: dmca],beINSportsFrench1.qa,blocked,Not tested — blocklisted,IPTV-org blocklist,,0,example.invalid,https://example.invalid/iptv-no-stream/beINSportsFrench1.qa
2026-08-30 10:13:30 UTC,Qatar,beIN Sports French 2 [Blocked: dmca],beINSportsFrench2.qa,blocked,Not tested — blocklisted,IPTV-org blocklist,,0,example.invalid,https://example.invalid/iptv-no-stream/beINSportsFrench2.qa
2026-08-30 10:13:30 UTC,Qatar,beIN Sports French 3 [Blocked: dmca],beINSportsFrench3.qa,blocked,Not tested — blocklisted,IPTV-org blocklist,,0,example.invalid,https://example.invalid/iptv-no-stream/beINSportsFrench3.qa
2026-08-30 10:13:30 UTC,Qatar,beIN Sports Max 1 [Blocked: dmca],beINSportsMax1.qa,blocked,Not tested — blocklisted,IPTV-org blocklist,,0,example.invalid,https://example.invalid/iptv-no-stream/beINSportsMax1.qa
2026-08-30 10:13:30 UTC,Qatar,beIN Sports Max 10 [Blocked: dmca],beINSportsMax10.qa,blocked,Not tested — blocklisted,IPTV-org blocklist,,0,example.invalid,https://example.invalid/iptv-no-stream/beINSportsMax10.qa
2026-08-30 10:13:30 UTC,Qatar,beIN Sports Max 2 [Blocked: dmca],beINSportsMax2.qa,blocked,Not tested — blocklisted,IPTV-org blocklist,,0,example.invalid,https://example.invalid/iptv-no-stream/beINSportsMax2.qa
2026-08-30 10:13:30 UTC,Qatar,beIN Sports Max 3 [Blocked: dmca],beINSportsMax3.qa,blocked,Not tested — blocklisted,IPTV-org blocklist,,0,example.invalid,https://example.invalid/iptv-no-stream/beINSportsMax3.qa
2026-08-30 10:13:30 UTC,Qatar,beIN Sports Max 4 [Blocked: dmca],beINSportsMax4.qa,blocked,Not tested — blocklisted,IPTV-org blocklist,,0,example.invalid,https://example.invalid/iptv-no-stream/beINSportsMax4.qa
2026-08-30 10:13:30 UTC,Qatar,beIN Sports Max 5 [Blocked: dmca],beINSportsMax5.qa,blocked,Not tested — blocklisted,IPTV-org blocklist,,0,example.invalid,https://example.invalid/iptv-no-stream/beINSportsMax5.qa
2026-08-30 10:13:30 UTC,Qatar,beIN Sports Max 6 [Blocked: dmca],beINSportsMax6.qa,blocked,Not tested — blocklisted,IPTV-org blocklist,,0,example.invalid,https://example.invalid/iptv-no-stream/beINSportsMax6.qa
2026-08-30 10:13:30 UTC,Qatar,beIN Sports Max 7 [Blocked: dmca],beINSportsMax7.qa,blocked,Not tested — blocklisted,IPTV-org blocklist,,0,example.invalid,https://example.invalid/iptv-no-stream/beINSportsMax7.qa
2026-08-30 10:13:30 UTC,Qatar,beIN Sports Max 8 [Blocked: dmca],beINSportsMax8.qa,blocked,Not tested — blocklisted,IPTV-org blocklist,,0,example.invalid,https://example.invalid/iptv-no-stream/beINSportsMax8.qa
2026-08-30 10:13:30 UTC,Qatar,beIN Sports Max 9 [Blocked: dmca],beINSportsMax9.qa,blocked,Not tested — blocklisted,IPTV-org blocklist,,0,example.invalid,https://example.invalid/iptv-no-stream/beINSportsMax9.qa
2026-08-30 10:13:30 UTC,Qatar,beIN Sports NBA,beINSportsNBA.qa,unavailable,Not tested — no public stream,No real stream URL,,0,example.invalid,https://example.invalid/iptv-no-stream/beINSportsNBA.qa
2026-08-30 10:13:30 UTC,Qatar,beIN Sports News,beINSportsNews.qa,unavailable,Not tested — no public stream,No real stream URL,,0,example.invalid,https://example.invalid/iptv-no-stream/beINSportsNews.qa
2026-08-30 10:13:30 UTC,Qatar,beIN Sports Premium 1 [Blocked: dmca],beINSportsPremium1.qa,blocked,Not tested — blocklisted,IPTV-org blocklist,,0,example.invalid,https://example.invalid/iptv-no-stream/beINSportsPremium1.qa
2026-08-30 10:13:30 UTC,Qatar,beIN Sports Premium 2 [Blocked: dmca],beINSportsPremium2.qa,blocked,Not tested — blocklisted,IPTV-org blocklist,,0,example.invalid,https://example.invalid/iptv-no-stream/beINSportsPremium2.qa
2026-08-30 10:13:30 UTC,Qatar,beIN Sports Premium 3 [Blocked: dmca],beINSportsPremium3.qa,blocked,Not tested — blocklisted,IPTV-org blocklist,,0,example.invalid,https://example.invalid/iptv-no-stream/beINSportsPremium3.qa
2026-08-30 10:13:30 UTC,Qatar,beIN Sports Xtra 1 [Blocked: dmca],beINSportsXtra1.qa,blocked,Not tested — blocklisted,IPTV-org blocklist,,0,example.invalid,https://example.invalid/iptv-no-stream/beINSportsXtra1.qa
2026-08-30 10:13:30 UTC,Qatar,beIN Sports Xtra 2 [Blocked: dmca],beINSportsXtra2.qa,blocked,Not tested — blocklisted,IPTV-org blocklist,,0,example.invalid,https://example.invalid/iptv-no-stream/beINSportsXtra2.qa
2026-08-30 10:13:30 UTC,Qatar,Dohat Alquran TV,DohatAlquranTV.qa,unavailable,Not tested — no public stream,No real stream URL,,0,example.invalid,https://example.invalid/iptv-no-stream/DohatAlquranTV.qa
2026-08-30 10:13:30 UTC,Qatar,JeemTV,JeemTV.qa,unavailable,Not tested — no public stream,No real stream URL,,0,example.invalid,https://example.invalid/iptv-no-stream/JeemTV.qa
2026-08-30 10:13:30 UTC,Qatar,Libya Al Ahrar TV (1080p),LibyaAlAhrarTV.qa@SD,available,Working,audio+video,1918,1,stream-hls.castr.net,https://stream-hls.castr.net/64490fcefe045f1b63012886/live_22d9a1f0c69c11ee9441219c2cc6d61f/index.fmp4.m3u8
2026-08-30 10:13:30 UTC,Qatar,Qatar Television (1080p),QatarTelevision.qa@SD,available,Working,audio+video,5445,1,live.kwikmotion.com,https://live.kwikmotion.com/qtv1live/qtv1.smil/playlist.m3u8
2026-08-30 10:13:30 UTC,Qatar,Qatar Television 2 (1080p),QatarTelevision2.qa@SD,available,Working,audio+video,5587,1,live.kwikmotion.com,https://live.kwikmotion.com/qtv2live/qtv2.smil/playlist.m3u8
2026-08-30 10:13:30 UTC,Qatar,Qatar Today 1,QatarToday1.qa,unavailable,Not tested — no public stream,No real stream URL,,0,example.invalid,https://example.invalid/iptv-no-stream/QatarToday1.qa
2026-08-30 10:13:30 UTC,Qatar,Qatar Today 2,QatarToday2.qa,unavailable,Not tested — no public stream,No real stream URL,,0,example.invalid,https://example.invalid/iptv-no-stream/QatarToday2.qa
2026-08-30 10:13:30 UTC,Qatar,Qatar TV The Holy Quran (1080p),QatarTVTheHolyQuran.qa@HD,available,Working,audio+video,7338,1,qatartv.akamaized.net,https://qatartv.akamaized.net/hls/live/20000612/qtvquran/master.m3u8
2026-08-30 10:13:30 UTC,Qatar,QBC (1080p),QBC.qa@HD,available,Timeout,No diagnostic returned,20025,2,googlecdn1.alkassdigital.net,https://googlecdn1.alkassdigital.net/livestream/qbc4/main.m3u8
2026-08-30 10:13:30 UTC,Qatar,Sama Alkhaleej TV,SamaAlkhaleejTV.qa,unavailable,Not tested — no public stream,No real stream URL,,0,example.invalid,https://example.invalid/iptv-no-stream/SamaAlkhaleejTV.qa
2026-08-30 10:13:30 UTC,Saudi Arabia,22 Arab TV,22ArabTV.sa,unavailable,Not tested — no public stream,No real stream URL,,0,example.invalid,https://example.invalid/iptv-no-stream/22ArabTV.sa
2026-08-30 10:13:30 UTC,Saudi Arabia,7lim BIGOTV,7limBIGOTV.sa,unavailable,Not tested — no public stream,No real stream URL,,0,example.invalid,https://example.invalid/iptv-no-stream/7limBIGOTV.sa
2026-08-30 10:13:30 UTC,Saudi Arabia,Abdulmajeed Abdullah (1080p),AbdulmajeedAbdullah.sa@SD,available,Failed,No diagnostic returned,2836,2,d2hng5r56zpsbw.cloudfront.net,https://d2hng5r56zpsbw.cloudfront.net/out/v1/9c4c990f44bb4767bb46271f326dd574/index.m3u8
2026-08-30 10:13:30 UTC,Saudi Arabia,Aflam (1080p),Aflam.sa@SD,available,Working,audio+video,12064,1,shd-amg-fast.edgenextcdn.net,https://shd-amg-fast.edgenextcdn.net/tx001/playlist.m3u8
2026-08-30 10:13:30 UTC,Saudi Arabia,Ahl-Alquran TV,AhlAlquranTV.sa,unavailable,Not tested — no public stream,No real stream URL,,0,example.invalid,https://example.invalid/iptv-no-stream/AhlAlquranTV.sa
2026-08-30 10:13:30 UTC,Saudi Arabia,Ahlu Al Quran TV,AhluAlQuranTV.sa,unavailable,Not tested — no public stream,No real stream URL,,0,example.invalid,https://example.invalid/iptv-no-stream/AhluAlQuranTV.sa
2026-08-30 10:13:30 UTC,Saudi Arabia,Al Alam Al Yawm,AlAlamAlYawm.sa,unavailable,Not tested — no public stream,No real stream URL,,0,example.invalid,https://example.invalid/iptv-no-stream/AlAlamAlYawm.sa
2026-08-30 10:13:30 UTC,Saudi Arabia,Al Amaken TV,AlAmakenTV.sa,unavailable,Not tested — no public stream,No real stream URL,,0,example.invalid,https://example.invalid/iptv-no-stream/AlAmakenTV.sa
2026-08-30 10:13:30 UTC,Saudi Arabia,Al Arabiya English (1080p),AlArabiyaEnglish.sa@SD,available,Working,audio+video,2907,1,live.alarabiya.net,https://live.alarabiya.net/alarabiapublish/english/playlist_dvr.m3u8
2026-08-30 10:13:30 UTC,Saudi Arabia,Al Ekhbariya (1080p),AlEkhbariya.sa@SD,available,Working,audio+video,13925,1,shd-gcp-live.edgenextcdn.net,https://shd-gcp-live.edgenextcdn.net/live/bitmovin-al-ekhbaria/297b3ef1cd0633ad9cfba7473a686a06/index.m3u8
2026-08-30 10:13:30 UTC,Saudi Arabia,Al Hadath (1080p),AlHadath.sa@SD,available,Working,audio+video,10121,1,shd-gcp-live.edgenextcdn.net,https://shd-gcp-live.edgenextcdn.net/live/bitmovin-hadath/2ff87ec4c2f3ede35295a20637d9f8fd/index.m3u8
2026-08-30 10:13:30 UTC,Saudi Arabia,Al Hokair Group TV,AlHokairGroupTV.sa,unavailable,Not tested — no public stream,No real stream URL,,0,example.invalid,https://example.invalid/iptv-no-stream/AlHokairGroupTV.sa
2026-08-30 10:13:30 UTC,Saudi Arabia,Al Khalij TV,AlKhalijTV.sa,unavailable,Not tested — no public stream,No real stream URL,,0,example.invalid,https://example.invalid/iptv-no-stream/AlKhalijTV.sa
2026-08-30 10:13:30 UTC,Saudi Arabia,Al Mergab TV,AlMergabTV.sa,unavailable,Not tested — no public stream,No real stream URL,,0,example.invalid,https://example.invalid/iptv-no-stream/AlMergabTV.sa
2026-08-30 10:13:30 UTC,Saudi Arabia,Al Quran Al Kareem TV (720p),AlQuranAlKareemTV.sa@SD,available,Working,audio+video,1546,1,m.live.net.sa,http://m.live.net.sa:1935/live/quran/gmswf.m3u8
2026-08-30 10:13:30 UTC,Saudi Arabia,Al Resalah (1080p) [Geo-blocked],AlResalah.sa@SD,available,Restricted (403),https://rotana.hibridcdn.net/rotananet/risala_net-7Y83PP5adWixDF93/playlist.m3u8: Server returned 403 Forbidden (access denied),379,2,rotana.hibridcdn.net,https://rotana.hibridcdn.net/rotananet/risala_net-7Y83PP5adWixDF93/playlist.m3u8
2026-08-30 10:13:30 UTC,Saudi Arabia,Al Resalah International,AlResalahInternational.sa,unavailable,Not tested — no public stream,No real stream URL,,0,example.invalid,https://example.invalid/iptv-no-stream/AlResalahInternational.sa
2026-08-30 10:13:30 UTC,Saudi Arabia,Al Riyadh Radio (1080p),AlRiyadhRadio.sa@SD,available,Working,audio+video,2522,1,live.kwikmotion.com,https://live.kwikmotion.com/sbrksariyadhradiolive/srpksariyadhradio/playlist.m3u8
2026-08-30 10:13:30 UTC,Saudi Arabia,Al Sahraa TV,AlSahraaTV.sa,unavailable,Not tested — no public stream,No real stream URL,,0,example.invalid,https://example.invalid/iptv-no-stream/AlSahraaTV.sa
2026-08-30 10:13:30 UTC,Saudi Arabia,Al Saudiya (1080p),AlSaudiya.sa@SD,available,Working,audio+video,7464,1,shd-gcp-live.edgenextcdn.net,https://shd-gcp-live.edgenextcdn.net/live/bitmovin-saudi-tv/2ad66056b51fd8c1b624854623112e43/index.m3u8
2026-08-30 10:13:30 UTC,Saudi Arabia,Al Saudiya Alaan (1080p),AlSaudiyaAlaan.sa@SD,available,Working,audio+video,14443,1,shd-gcp-live.edgenextcdn.net,https://shd-gcp-live.edgenextcdn.net/live/bitmovin-ksa-now/71ed3aa814c643306c0a8bc4fcc7d17f/index.m3u8
2026-08-30 10:13:30 UTC,Saudi Arabia,Al Sunnah Al Nabawiyah TV (720p),AlSunnahAlNabawiyahTV.sa@SD,available,Working,audio+video,1242,1,m.live.net.sa,http://m.live.net.sa:1935/live/sunnah/gmswf.m3u8
2026-08-30 10:13:30 UTC,Saudi Arabia,Al-Majd Al Hadeeth Al Nabawy,AlMajdAlHadeethAlNabawy.sa,unavailable,Not tested — no public stream,No real stream URL,,0,example.invalid,https://example.invalid/iptv-no-stream/AlMajdAlHadeethAlNabawy.sa
2026-08-30 10:13:30 UTC,Saudi Arabia,Al-Majd Al Tabeeaiyah,AlMajdAlTabeeaiyah.sa,unavailable,Not tested — no public stream,No real stream URL,,0,example.invalid,https://example.invalid/iptv-no-stream/AlMajdAlTabeeaiyah.sa
2026-08-30 10:13:30 UTC,Saudi Arabia,Al-Majd Documentary,AlMajdDocumentary.sa,unavailable,Not tested — no public stream,No real stream URL,,0,example.invalid,https://example.invalid/iptv-no-stream/AlMajdDocumentary.sa
2026-08-30 10:13:30 UTC,Saudi Arabia,Al-Majd Holy Quran,AlMajdHolyQuran.sa,unavailable,Not tested — no public stream,No real stream URL,,0,example.invalid,https://example.invalid/iptv-no-stream/AlMajdHolyQuran.sa
2026-08-30 10:13:30 UTC,Saudi Arabia,Al-Majd Kids,AlMajdKids.sa,unavailable,Not tested — no public stream,No real stream URL,,0,example.invalid,https://example.invalid/iptv-no-stream/AlMajdKids.sa
2026-08-30 10:13:30 UTC,Saudi Arabia,Al-Majd Public Channel,AlMajdPublicChannel.sa,unavailable,Not tested — no public stream,No real stream URL,,0,example.invalid,https://example.invalid/iptv-no-stream/AlMajdPublicChannel.sa
2026-08-30 10:13:30 UTC,Saudi Arabia,Al-Majd Scientific,AlMajdScientific.sa,unavailable,Not tested — no public stream,No real stream URL,,0,example.invalid,https://example.invalid/iptv-no-stream/AlMajdScientific.sa
2026-08-30 10:13:30 UTC,Saudi Arabia,Alkhuzama Radio (1080p),AlkhuzamaRadio.sa@SD,available,Not found (404),https://live.kwikmotion.com/sbrksakhuzamaradiolive/srpkhuzama/playlist.m3u8: Server returned 404 Not Found,89,2,live.kwikmotion.com,https://live.kwikmotion.com/sbrksakhuzamaradiolive/srpkhuzama/playlist.m3u8
2026-08-30 10:13:30 UTC,Saudi Arabia,Alwesam TV (1080p),AlwesamTV.sa@SD,available,Working,audio+video,8990,1,stream.addresses-sat.com,https://stream.addresses-sat.com/Alwesam/index.m3u8
2026-08-30 10:13:30 UTC,Saudi Arabia,Anime,Anime.sa,unavailable,Not tested — no public stream,No real stream URL,,0,example.invalid,https://example.invalid/iptv-no-stream/Anime.sa
2026-08-30 10:13:30 UTC,Saudi Arabia,ART Aflam 1,ARTAflam1.sa,unavailable,Not tested — no public stream,No real stream URL,,0,example.invalid,https://example.invalid/iptv-no-stream/ARTAflam1.sa
2026-08-30 10:13:30 UTC,Saudi Arabia,ART Aflam 2,ARTAflam2.sa,unavailable,Not tested — no public stream,No real stream URL,,0,example.invalid,https://example.invalid/iptv-no-stream/ARTAflam2.sa
2026-08-30 10:13:30 UTC,Saudi Arabia,ART America,ARTAmerica.sa,unavailable,Not tested — no public stream,No real stream URL,,0,example.invalid,https://example.invalid/iptv-no-stream/ARTAmerica.sa
2026-08-30 10:13:30 UTC,Saudi Arabia,Art Cima,ArtCima.sa,unavailable,Not tested — no public stream,No real stream URL,,0,example.invalid,https://example.invalid/iptv-no-stream/ArtCima.sa
2026-08-30 10:13:30 UTC,Saudi Arabia,ART Cinema,ARTCinema.sa,unavailable,Not tested — no public stream,No real stream URL,,0,example.invalid,https://example.invalid/iptv-no-stream/ARTCinema.sa
2026-08-30 10:13:30 UTC,Saudi Arabia,ART Hekayat,ARTHekayat.sa,unavailable,Not tested — no public stream,No real stream URL,,0,example.invalid,https://example.invalid/iptv-no-stream/ARTHekayat.sa
2026-08-30 10:13:30 UTC,Saudi Arabia,ART Hekayat 2,ARTHekayat2.sa,unavailable,Not tested — no public stream,No real stream URL,,0,example.invalid,https://example.invalid/iptv-no-stream/ARTHekayat2.sa
2026-08-30 10:13:30 UTC,Saudi Arabia,ART Tarab,ARTTarab.sa,unavailable,Not tested — no public stream,No real stream URL,,0,example.invalid,https://example.invalid/iptv-no-stream/ARTTarab.sa
2026-08-30 10:13:30 UTC,Saudi Arabia,Asharq Discovery (1080p),AsharqDiscovery.sa@SD,available,Working,audio+video,10397,1,svs.itworkscdn.net,https://svs.itworkscdn.net/asharqdiscoverylive/asharqd.smil/playlist_dvr.m3u8
2026-08-30 10:13:30 UTC,Saudi Arabia,Asharq Documentary (1080p),AsharqDocumentary.sa@SD,available,Working,audio+video,10291,1,svs.itworkscdn.net,https://svs.itworkscdn.net/asharqdocumentarylive/asharqdocumentary.smil/playlist_dvr.m3u8
2026-08-30 10:13:30 UTC,Saudi Arabia,Asharq News (1080p),AsharqNews.sa@SD,available,Working,audio+video,3658,1,live-news.asharq.com,https://live-news.asharq.com/asharq.m3u8
2026-08-30 10:13:30 UTC,Saudi Arabia,Asharq News Portrait,AsharqNewsPortrait.sa,unavailable,Not tested — no public stream,No real stream URL,,0,example.invalid,https://example.invalid/iptv-no-stream/AsharqNewsPortrait.sa
2026-08-30 10:13:30 UTC,Saudi Arabia,Asharq Radio (1080p),AsharqRadio.sa@SD,available,Working,audio+video,2607,1,svs.itworkscdn.net,https://svs.itworkscdn.net/asharqradiovlive/asharqradiov/playlist.m3u8
2026-08-30 10:13:30 UTC,Saudi Arabia,Atfal & Mawaheb TV (1080p),AtfalMawahebTV.sa@SD,available,Working,audio+video,3694,1,5aafcc5de91f1.streamlock.net,https://5aafcc5de91f1.streamlock.net/atfal1.com/atfal2/playlist.m3u8
2026-08-30 10:13:30 UTC,Saudi Arabia,Ayat,Ayat.sa,unavailable,Not tested — no public stream,No real stream URL,,0,example.invalid,https://example.invalid/iptv-no-stream/Ayat.sa
2026-08-30 10:13:30 UTC,Saudi Arabia,Bab Al Hara (1080p),BabAlHara.sa@SD,available,Working,audio+video,9326,1,shd-amg-fast.edgenextcdn.net,https://shd-amg-fast.edgenextcdn.net/tx010/playlist.m3u8
2026-08-30 10:13:30 UTC,Saudi Arabia,Bedaya TV,BedayaTV.sa,unavailable,Not tested — no public stream,No real stream URL,,0,example.invalid,https://example.invalid/iptv-no-stream/BedayaTV.sa
2026-08-30 10:13:30 UTC,Saudi Arabia,Beity,Beity.sa,unavailable,Not tested — no public stream,No real stream URL,,0,example.invalid,https://example.invalid/iptv-no-stream/Beity.sa
2026-08-30 10:13:30 UTC,Saudi Arabia,Besma,Besma.sa,unavailable,Not tested — no public stream,No real stream URL,,0,example.invalid,https://example.invalid/iptv-no-stream/Besma.sa
2026-08-30 10:13:30 UTC,Saudi Arabia,Big Time Plus (1080p),BigTimePlus.sa@SD,available,Working,audio+video,15711,2,shd-gcp-live.edgenextcdn.net,https://shd-gcp-live.edgenextcdn.net/live/bitmovin-big-time-plus/924283f994779a311c1389698ff7e736/index.m3u8
2026-08-30 10:13:30 UTC,Saudi Arabia,Bin Othaimeen,BinOthaimeen.sa,unavailable,Not tested — no public stream,No real stream URL,,0,example.invalid,https://example.invalid/iptv-no-stream/BinOthaimeen.sa
2026-08-30 10:13:30 UTC,Saudi Arabia,Channel 24 Saudi,Channel24Saudi.sa,unavailable,Not tested — no public stream,No real stream URL,,0,example.invalid,https://example.invalid/iptv-no-stream/Channel24Saudi.sa
2026-08-30 10:13:30 UTC,Saudi Arabia,Channel 24 Sports,Channel24Sports.sa,unavailable,Not tested — no public stream,No real stream URL,,0,example.invalid,https://example.invalid/iptv-no-stream/Channel24Sports.sa
2026-08-30 10:13:30 UTC,Saudi Arabia,Dahk wa Bass,DahkwaBass.sa,unavailable,Not tested — no public stream,No real stream URL,,0,example.invalid,https://example.invalid/iptv-no-stream/DahkwaBass.sa
2026-08-30 10:13:30 UTC,Saudi Arabia,Dr Pal TV (720p),DrPalTV.sa@SD,available,Working,audio+video,5372,1,stream.cisk.tech,https://stream.cisk.tech/drpal/index.m3u8
2026-08-30 10:13:30 UTC,Saudi Arabia,Drama Badawia,DramaBadawia.sa,unavailable,Not tested — no public stream,No real stream URL,,0,example.invalid,https://example.invalid/iptv-no-stream/DramaBadawia.sa
2026-08-30 10:13:30 UTC,Saudi Arabia,Duhk Wa Bas,DuhkWaBas.sa,unavailable,Not tested — no public stream,No real stream URL,,0,example.invalid,https://example.invalid/iptv-no-stream/DuhkWaBas.sa
2026-08-30 10:13:30 UTC,Saudi Arabia,EN TV,ENTV.sa,unavailable,Not tested — no public stream,No real stream URL,,0,example.invalid,https://example.invalid/iptv-no-stream/ENTV.sa
2026-08-30 10:13:30 UTC,Saudi Arabia,Fairuz (1080p),Fairuz.sa@HD,available,Working,audio+video,9849,1,shd-amg-fast.edgenextcdn.net,https://shd-amg-fast.edgenextcdn.net/tx029/playlist.m3u8
2026-08-30 10:13:30 UTC,Saudi Arabia,Goal Zone,GoalZone.sa,unavailable,Not tested — no public stream,No real stream URL,,0,example.invalid,https://example.invalid/iptv-no-stream/GoalZone.sa
2026-08-30 10:13:30 UTC,Saudi Arabia,Quran Radio (1080p),HolyQuranRadio.sa@SD,available,Working,audio+video,2433,1,live.kwikmotion.com,https://live.kwikmotion.com/sbrksaquranradiolive/srpksaquranradio/playlist.m3u8
2026-08-30 10:13:30 UTC,Saudi Arabia,IEN Doros 1,IENDoros1.sa,unavailable,Not tested — no public stream,No real stream URL,,0,example.invalid,https://example.invalid/iptv-no-stream/IENDoros1.sa
2026-08-30 10:13:30 UTC,Saudi Arabia,IEN Doros 10,IENDoros10.sa,unavailable,Not tested — no public stream,No real stream URL,,0,example.invalid,https://example.invalid/iptv-no-stream/IENDoros10.sa
2026-08-30 10:13:30 UTC,Saudi Arabia,IEN Doros 11,IENDoros11.sa,unavailable,Not tested — no public stream,No real stream URL,,0,example.invalid,https://example.invalid/iptv-no-stream/IENDoros11.sa
2026-08-30 10:13:30 UTC,Saudi Arabia,IEN Doros 12,IENDoros12.sa,unavailable,Not tested — no public stream,No real stream URL,,0,example.invalid,https://example.invalid/iptv-no-stream/IENDoros12.sa
2026-08-30 10:13:30 UTC,Saudi Arabia,IEN Doros 13,IENDoros13.sa,unavailable,Not tested — no public stream,No real stream URL,,0,example.invalid,https://example.invalid/iptv-no-stream/IENDoros13.sa
2026-08-30 10:13:30 UTC,Saudi Arabia,IEN Doros 14,IENDoros14.sa,unavailable,Not tested — no public stream,No real stream URL,,0,example.invalid,https://example.invalid/iptv-no-stream/IENDoros14.sa
2026-08-30 10:13:30 UTC,Saudi Arabia,IEN Doros 15,IENDoros15.sa,unavailable,Not tested — no public stream,No real stream URL,,0,example.invalid,https://example.invalid/iptv-no-stream/IENDoros15.sa
2026-08-30 10:13:30 UTC,Saudi Arabia,IEN Doros 16,IENDoros16.sa,unavailable,Not tested — no public stream,No real stream URL,,0,example.invalid,https://example.invalid/iptv-no-stream/IENDoros16.sa
2026-08-30 10:13:30 UTC,Saudi Arabia,IEN Doros 17,IENDoros17.sa,unavailable,Not tested — no public stream,No real stream URL,,0,example.invalid,https://example.invalid/iptv-no-stream/IENDoros17.sa
2026-08-30 10:13:30 UTC,Saudi Arabia,IEN Doros 18,IENDoros18.sa,unavailable,Not tested — no public stream,No real stream URL,,0,example.invalid,https://example.invalid/iptv-no-stream/IENDoros18.sa
2026-08-30 10:13:30 UTC,Saudi Arabia,IEN Doros 19,IENDoros19.sa,unavailable,Not tested — no public stream,No real stream URL,,0,example.invalid,https://example.invalid/iptv-no-stream/IENDoros19.sa
2026-08-30 10:13:30 UTC,Saudi Arabia,IEN Doros 2,IENDoros2.sa,unavailable,Not tested — no public stream,No real stream URL,,0,example.invalid,https://example.invalid/iptv-no-stream/IENDoros2.sa
2026-08-30 10:13:30 UTC,Saudi Arabia,IEN Doros 20,IENDoros20.sa,unavailable,Not tested — no public stream,No real stream URL,,0,example.invalid,https://example.invalid/iptv-no-stream/IENDoros20.sa
2026-08-30 10:13:30 UTC,Saudi Arabia,IEN Doros 21,IENDoros21.sa,unavailable,Not tested — no public stream,No real stream URL,,0,example.invalid,https://example.invalid/iptv-no-stream/IENDoros21.sa
2026-08-30 10:13:30 UTC,Saudi Arabia,IEN Doros 22,IENDoros22.sa,unavailable,Not tested — no public stream,No real stream URL,,0,example.invalid,https://example.invalid/iptv-no-stream/IENDoros22.sa
2026-08-30 10:13:30 UTC,Saudi Arabia,IEN Doros 23,IENDoros23.sa,unavailable,Not tested — no public stream,No real stream URL,,0,example.invalid,https://example.invalid/iptv-no-stream/IENDoros23.sa
2026-08-30 10:13:30 UTC,Saudi Arabia,IEN Doros 3,IENDoros3.sa,unavailable,Not tested — no public stream,No real stream URL,,0,example.invalid,https://example.invalid/iptv-no-stream/IENDoros3.sa
2026-08-30 10:13:30 UTC,Saudi Arabia,IEN Doros 4,IENDoros4.sa,unavailable,Not tested — no public stream,No real stream URL,,0,example.invalid,https://example.invalid/iptv-no-stream/IENDoros4.sa
2026-08-30 10:13:30 UTC,Saudi Arabia,IEN Doros 5,IENDoros5.sa,unavailable,Not tested — no public stream,No real stream URL,,0,example.invalid,https://example.invalid/iptv-no-stream/IENDoros5.sa
2026-08-30 10:13:30 UTC,Saudi Arabia,IEN Doros 6,IENDoros6.sa,unavailable,Not tested — no public stream,No real stream URL,,0,example.invalid,https://example.invalid/iptv-no-stream/IENDoros6.sa
2026-08-30 10:13:30 UTC,Saudi Arabia,IEN Doros 7,IENDoros7.sa,unavailable,Not tested — no public stream,No real stream URL,,0,example.invalid,https://example.invalid/iptv-no-stream/IENDoros7.sa
2026-08-30 10:13:30 UTC,Saudi Arabia,IEN Doros 8,IENDoros8.sa,unavailable,Not tested — no public stream,No real stream URL,,0,example.invalid,https://example.invalid/iptv-no-stream/IENDoros8.sa
2026-08-30 10:13:30 UTC,Saudi Arabia,IEN Doros 9,IENDoros9.sa,unavailable,Not tested — no public stream,No real stream URL,,0,example.invalid,https://example.invalid/iptv-no-stream/IENDoros9.sa
2026-08-30 10:13:30 UTC,Saudi Arabia,IEN Doros TV,IENDorosTV.sa,unavailable,Not tested — no public stream,No real stream URL,,0,example.invalid,https://example.invalid/iptv-no-stream/IENDorosTV.sa
2026-08-30 10:13:30 UTC,Saudi Arabia,Iqraa Africa & Europe (1080p),IqraaAfricaEurope.sa@SD,available,Working,audio+video,8542,1,playlist.fasttvcdn.com,https://playlist.fasttvcdn.com/pl/dlkqw1ftuvuuzkcb4pxdcg/Iqraafasttv1/playlist.m3u8
2026-08-30 10:13:30 UTC,Saudi Arabia,Iqraa Arabic (1080p) [Not 24/7],IqraaArabic.sa@SD,available,Working,audio+video,8771,1,playlist.fasttvcdn.com,https://playlist.fasttvcdn.com/pl/dlkqw1ftuvuuzkcb4pxdcg/Iqraafasttv3/playlist.m3u8
2026-08-30 10:13:30 UTC,Saudi Arabia,Iqraa Duea Wabtihal,IqraaDueaWabtihal.sa,unavailable,Not tested — no public stream,No real stream URL,,0,example.invalid,https://example.invalid/iptv-no-stream/IqraaDueaWabtihal.sa
2026-08-30 10:13:30 UTC,Saudi Arabia,Iqraa Mukhtarat 1,IqraaMukhtarat1.sa,unavailable,Not tested — no public stream,No real stream URL,,0,example.invalid,https://example.invalid/iptv-no-stream/IqraaMukhtarat1.sa
2026-08-30 10:13:30 UTC,Saudi Arabia,Iqraa Quran (1080p),IqraaQuran.sa@SD,available,Working,audio+video,12619,1,playlist.fasttvcdn.com,https://playlist.fasttvcdn.com/pl/dlkqw1ftuvuuzkcb4pxdcg/Iqraafasttv2/playlist.m3u8
2026-08-30 10:13:30 UTC,Saudi Arabia,Jeddah Radio (1080p),JeddahRadio.sa@SD,available,Working,audio+video,2336,1,live.kwikmotion.com,https://live.kwikmotion.com/sbrksajeddahradiolive/srpksajeddahradio/chunks.m3u8
2026-08-30 10:13:30 UTC,Saudi Arabia,Kaif TV,KaifTV.sa,unavailable,Not tested — no public stream,No real stream URL,,0,example.invalid,https://example.invalid/iptv-no-stream/KaifTV.sa
2026-08-30 10:13:30 UTC,Saudi Arabia,Khaliji Comedy,KhalijiComedy.sa,unavailable,Not tested — no public stream,No real stream URL,,0,example.invalid,https://example.invalid/iptv-no-stream/KhalijiComedy.sa
2026-08-30 10:13:30 UTC,Saudi Arabia,KSA Sports 1,KSASports1.sa,unavailable,Not tested — no public stream,No real stream URL,,0,example.invalid,https://example.invalid/iptv-no-stream/KSASports1.sa
2026-08-30 10:13:30 UTC,Saudi Arabia,KSA Sports 2,KSASports2.sa,unavailable,Not tested — no public stream,No real stream URL,,0,example.invalid,https://example.invalid/iptv-no-stream/KSASports2.sa
2026-08-30 10:13:30 UTC,Saudi Arabia,KSA Sports 3,KSASports3.sa,unavailable,Not tested — no public stream,No real stream URL,,0,example.invalid,https://example.invalid/iptv-no-stream/KSASports3.sa
2026-08-30 10:13:30 UTC,Saudi Arabia,KSA Sports 4,KSASports4.sa,unavailable,Not tested — no public stream,No real stream URL,,0,example.invalid,https://example.invalid/iptv-no-stream/KSASports4.sa
2026-08-30 10:13:30 UTC,Saudi Arabia,LBC (1080p) [Geo-blocked],LBC.sa@SD,available,Restricted (403),https://rotana.hibridcdn.net/rotananet/lbc_net-7Y83PP5adWixDF93/playlist.m3u8: Server returned 403 Forbidden (access denied),334,2,rotana.hibridcdn.net,https://rotana.hibridcdn.net/rotananet/lbc_net-7Y83PP5adWixDF93/playlist.m3u8
2026-08-30 10:13:30 UTC,Saudi Arabia,M+,MPlus.sa,unavailable,Not tested — no public stream,No real stream URL,,0,example.invalid,https://example.invalid/iptv-no-stream/MPlus.sa
2026-08-30 10:13:30 UTC,Saudi Arabia,Majid Al Mohandis (1080p),MajidAlMohandis.sa@SD,available,Working,audio+video,11001,1,shd-amg-fast.edgenextcdn.net,https://shd-amg-fast.edgenextcdn.net/tx019/playlist.m3u8
2026-08-30 10:13:30 UTC,Saudi Arabia,Makkah TV (576p),MakkahTV.sa@SD,available,Working,audio+video,4426,1,media2.streambrothers.com,https://media2.streambrothers.com:1936/8122/8122/playlist.m3u8
2026-08-30 10:13:30 UTC,Saudi Arabia,Maraya (1080p),Maraya.sa@HD,available,Working,audio+video,11705,1,shd-amg-fast.edgenextcdn.net,https://shd-amg-fast.edgenextcdn.net/tx008/playlist.m3u8
2026-08-30 10:13:30 UTC,Saudi Arabia,Masah,Masah.sa,unavailable,Not tested — no public stream,No real stream URL,,0,example.invalid,https://example.invalid/iptv-no-stream/Masah.sa
2026-08-30 10:13:30 UTC,Saudi Arabia,MBC Gaming,MBCGaming.sa,unavailable,Not tested — no public stream,No real stream URL,,0,example.invalid,https://example.invalid/iptv-no-stream/MBCGaming.sa
2026-08-30 10:13:30 UTC,Saudi Arabia,MBC Loud,MBCLoud.sa@SD,available,Working,audio,1616,1,radio-loud-fm.mbc.net,https://radio-loud-fm.mbc.net/radio-loud-fm_1.m3u8
2026-08-30 10:13:30 UTC,Saudi Arabia,MBC Masr Drama (1080p),MBCMasrDrama.sa@SD,available,Working,audio+video,6660,1,shd-gcp-live.edgenextcdn.net,https://shd-gcp-live.edgenextcdn.net/live/bitmovin-mbc-masr-drama/567b703c19ede6598222de81b0e4508b/index.m3u8
2026-08-30 10:13:30 UTC,Saudi Arabia,MBC Max,MBCMax.sa,unavailable,Not tested — no public stream,No real stream URL,,0,example.invalid,https://example.invalid/iptv-no-stream/MBCMax.sa
2026-08-30 10:13:30 UTC,Saudi Arabia,MBC Mood (1080p),MBCMood.sa@HD,available,Working,audio+video,10703,1,shd-gcp-live.edgenextcdn.net,https://shd-gcp-live.edgenextcdn.net/live/bitmovin-mbc-mood/78367bf48ccdba501d0d014a10c21031/index.m3u8
2026-08-30 10:13:30 UTC,Saudi Arabia,MBC+ Drama (1080p),MBCPlusDrama.sa@SD,available,Working,audio+video,8093,1,shd-gcp-live.edgenextcdn.net,https://shd-gcp-live.edgenextcdn.net/live/bitmovin-mbc-plus-drama/e37251ec2aac8f6c98f75cd0fa37cd28/index.m3u8
2026-08-30 10:13:30 UTC,Saudi Arabia,Mohammed Abdo (1080p),MohammedAbdo.sa@SD,available,Working,audio+video,2240,1,d2ow8h651gs7dx.cloudfront.net,https://d2ow8h651gs7dx.cloudfront.net/out/v1/371fb663da604e659a2fb99bf89d92d4/index.m3u8
2026-08-30 10:13:30 UTC,Saudi Arabia,Movies Action (1080p),MoviesAction.sa@SD,available,Working,audio+video,10872,1,shd-amg-fast.edgenextcdn.net,https://shd-amg-fast.edgenextcdn.net/tx011/playlist.m3u8
2026-08-30 10:13:30 UTC,Saudi Arabia,Movies Thriller (1080p),MoviesThriller.sa@SD,available,Working,audio+video,11124,1,shd-amg-fast.edgenextcdn.net,https://shd-amg-fast.edgenextcdn.net/tx012/playlist.m3u8
2026-08-30 10:13:30 UTC,Saudi Arabia,Nidae AlIslam Radio (1080p),NidaeAlIslamRadio.sa@SD,available,Not found (404),https://live.kwikmotion.com/sbrksanedaradiolive/srpksanedaradio/playlist.m3u8: Server returned 404 Not Found,94,2,live.kwikmotion.com,https://live.kwikmotion.com/sbrksanedaradiolive/srpksanedaradio/playlist.m3u8
2026-08-30 10:13:30 UTC,Saudi Arabia,Oyoun Al-Watan TV,OyounAlWatanTV.sa,unavailable,Not tested — no public stream,No real stream URL,,0,example.invalid,https://example.invalid/iptv-no-stream/OyounAlWatanTV.sa
2026-08-30 10:13:30 UTC,Saudi Arabia,Panorama FM (1080p),PanoramaFM.sa@SD,available,Working,audio+video,7458,1,d6izdil55uftn.cloudfront.net,https://d6izdil55uftn.cloudfront.net/out/v1/0a06d1d6377c47edbd48721ed724bd08/index.m3u8
2026-08-30 10:13:30 UTC,Saudi Arabia,Qur'an Hidayah English,QuranHidayahEnglish.sa,unavailable,Not tested — no public stream,No real stream URL,,0,example.invalid,https://example.invalid/iptv-no-stream/QuranHidayahEnglish.sa
2026-08-30 10:13:30 UTC,Saudi Arabia,Rabeh Saqer (1080p),RabehSaqer.sa@HD,available,Working,audio+video,16522,1,shd-amg-fast.edgenextcdn.net,https://shd-amg-fast.edgenextcdn.net/tx004/playlist.m3u8
2026-08-30 10:13:30 UTC,Saudi Arabia,Ramez,Ramez.sa,unavailable,Not tested — no public stream,No real stream URL,,0,example.invalid,https://example.invalid/iptv-no-stream/Ramez.sa
2026-08-30 10:13:30 UTC,Saudi Arabia,Rashid AlMajed (1080p),RashidAlMajed.sa@SD,available,Failed,No diagnostic returned,3052,2,dphwv2ufgnfsq.cloudfront.net,https://dphwv2ufgnfsq.cloudfront.net/out/v1/59cd80dfe93a479eb8b4d79bc6f225ca/index.m3u8
2026-08-30 10:13:30 UTC,Saudi Arabia,Rawdah,Rawdah.sa,unavailable,Not tested — no public stream,No real stream URL,,0,example.invalid,https://example.invalid/iptv-no-stream/Rawdah.sa
2026-08-30 10:13:30 UTC,Saudi Arabia,Romance,Romance.sa,unavailable,Not tested — no public stream,No real stream URL,,0,example.invalid,https://example.invalid/iptv-no-stream/Romance.sa
2026-08-30 10:13:30 UTC,Saudi Arabia,Rotana Aflam,RotanaAflam.sa,unavailable,Not tested — no public stream,No real stream URL,,0,example.invalid,https://example.invalid/iptv-no-stream/RotanaAflam.sa
2026-08-30 10:13:30 UTC,Saudi Arabia,Rotana Aflam+,RotanaAflamPlus.sa,unavailable,Not tested — no public stream,No real stream URL,,0,example.invalid,https://example.invalid/iptv-no-stream/RotanaAflamPlus.sa
2026-08-30 10:13:30 UTC,Saudi Arabia,Rotana America,RotanaAmerica.sa,unavailable,Not tested — no public stream,No real stream URL,,0,example.invalid,https://example.invalid/iptv-no-stream/RotanaAmerica.sa
2026-08-30 10:13:30 UTC,Saudi Arabia,Rotana Cinema KSA (1080p) [Geo-blocked],RotanaCinemaKSA.sa@SD,available,Restricted (403),https://rotana.hibridcdn.net/rotananet/cinema_net-7Y83PP5adWixDF93/playlist.m3u8: Server returned 403 Forbidden (access denied),443,2,rotana.hibridcdn.net,https://rotana.hibridcdn.net/rotananet/cinema_net-7Y83PP5adWixDF93/playlist.m3u8
2026-08-30 10:13:30 UTC,Saudi Arabia,Rotana Classic (1080p) [Geo-blocked],RotanaClassic.sa@SD,available,Restricted (403),https://rotana.hibridcdn.net/rotananet/classical_net-7Y83PP5adWixDF93/playlist.m3u8: Server returned 403 Forbidden (access denied),303,2,rotana.hibridcdn.net,https://rotana.hibridcdn.net/rotananet/classical_net-7Y83PP5adWixDF93/playlist.m3u8
2026-08-30 10:13:30 UTC,Saudi Arabia,Rotana Clip (1080p) [Geo-blocked],RotanaClip.sa@SD,available,Restricted (403),https://rotana.hibridcdn.net/rotananet/clip_net-7Y83PP5adWixDF93/playlist.m3u8: Server returned 403 Forbidden (access denied),399,2,rotana.hibridcdn.net,https://rotana.hibridcdn.net/rotananet/clip_net-7Y83PP5adWixDF93/playlist.m3u8
2026-08-30 10:13:30 UTC,Saudi Arabia,Rotana Comedy (1080p) [Geo-blocked],RotanaComedy.sa@SD,available,Restricted (403),https://rotana.hibridcdn.net/rotananet/comedy_net-7Y83PP5adWixDF93/playlist.m3u8: Server returned 403 Forbidden (access denied),295,2,rotana.hibridcdn.net,https://rotana.hibridcdn.net/rotananet/comedy_net-7Y83PP5adWixDF93/playlist.m3u8
2026-08-30 10:13:30 UTC,Saudi Arabia,Rotana D7,RotanaD7.sa,unavailable,Not tested — no public stream,No real stream URL,,0,example.invalid,https://example.invalid/iptv-no-stream/RotanaD7.sa
2026-08-30 10:13:30 UTC,Saudi Arabia,Rotana Drama (1080p) [Geo-blocked],RotanaDrama.sa@SD,available,Restricted (403),https://rotana.hibridcdn.net/rotananet/drama_net-7Y83PP5adWixDF93/playlist.m3u8: Server returned 403 Forbidden (access denied),353,2,rotana.hibridcdn.net,https://rotana.hibridcdn.net/rotananet/drama_net-7Y83PP5adWixDF93/playlist.m3u8
2026-08-30 10:13:30 UTC,Saudi Arabia,Rotana FM KSA (720p),RotanaFMKSA.sa@SD,available,Working,audio+video,4724,1,live.restream.io,rtmp://live.restream.io/pull/play_320121_94512612fd0e084bd284
2026-08-30 10:13:30 UTC,Saudi Arabia,Rotana Khalijia (1080p) [Geo-blocked],RotanaKhalijia.sa@SD,available,Restricted (403),https://rotana.hibridcdn.net/rotananet/khaleejiya_net-7Y83PP5adWixDF93/playlist.m3u8: Server returned 403 Forbidden (access denied),406,2,rotana.hibridcdn.net,https://rotana.hibridcdn.net/rotananet/khaleejiya_net-7Y83PP5adWixDF93/playlist.m3u8
2026-08-30 10:13:30 UTC,Saudi Arabia,Rotana Kids,RotanaKids.sa,unavailable,Not tested — no public stream,No real stream URL,,0,example.invalid,https://example.invalid/iptv-no-stream/RotanaKids.sa
2026-08-30 10:13:30 UTC,Saudi Arabia,Rotana Music (1080p) [Geo-blocked],RotanaMusic.sa@SD,available,Restricted (403),https://rotana.hibridcdn.net/rotananet/music_net-7Y83PP5adWixDF93/playlist.m3u8: Server returned 403 Forbidden (access denied),288,2,rotana.hibridcdn.net,https://rotana.hibridcdn.net/rotananet/music_net-7Y83PP5adWixDF93/playlist.m3u8
2026-08-30 10:13:30 UTC,Saudi Arabia,Rotana Sydtelshasha,RotanaSydtelshasha.sa,unavailable,Not tested — no public stream,No real stream URL,,0,example.invalid,https://example.invalid/iptv-no-stream/RotanaSydtelshasha.sa
2026-08-30 10:13:30 UTC,Saudi Arabia,Rotana+,RotanaPlus.sa,unavailable,Not tested — no public stream,No real stream URL,,0,example.invalid,https://example.invalid/iptv-no-stream/RotanaPlus.sa
2026-08-30 10:13:30 UTC,Saudi Arabia,Sad Satellite Channel,SadSatelliteChannel.sa,unavailable,Not tested — no public stream,No real stream URL,,0,example.invalid,https://example.invalid/iptv-no-stream/SadSatelliteChannel.sa
2026-08-30 10:13:30 UTC,Saudi Arabia,Saudi Thaqafiya TV (1080p),SaudiThaqafiyaTV.sa@SD,available,Working,audio+video,12870,1,shd-gcp-live.edgenextcdn.net,https://shd-gcp-live.edgenextcdn.net/live/bitmovin-thaqafeyyah/28c0d2a20dbf1dc049ce15d3973f494b/index.m3u8
2026-08-30 10:13:30 UTC,Saudi Arabia,Saudia Radio (1080p),SaudiaRadio.sa@SD,available,Working,audio+video,2606,1,live.kwikmotion.com,https://live.kwikmotion.com/sbrksasaudiaradiolive/srpksasaudiaradio/playlist.m3u8
2026-08-30 10:13:30 UTC,Saudi Arabia,Sayedat Alshasha,SayedatAlshasha.sa,unavailable,Not tested — no public stream,No real stream URL,,0,example.invalid,https://example.invalid/iptv-no-stream/SayedatAlshasha.sa
2026-08-30 10:13:30 UTC,Saudi Arabia,SBC (1080p),SBC.sa@SD,available,Working,audio+video,12170,1,shd-gcp-live.edgenextcdn.net,https://shd-gcp-live.edgenextcdn.net/live/bitmovin-sbc/90e09c0c28db26435799b4a14892a167/index.m3u8
2026-08-30 10:13:30 UTC,Saudi Arabia,Shareeyah TV,ShareeyahTV.sa,unavailable,Not tested — no public stream,No real stream URL,,0,example.invalid,https://example.invalid/iptv-no-stream/ShareeyahTV.sa
2026-08-30 10:13:30 UTC,Saudi Arabia,SSC 1,SSC1.sa,unavailable,Not tested — no public stream,No real stream URL,,0,example.invalid,https://example.invalid/iptv-no-stream/SSC1.sa
2026-08-30 10:13:30 UTC,Saudi Arabia,SSC 2,SSC2.sa,unavailable,Not tested — no public stream,No real stream URL,,0,example.invalid,https://example.invalid/iptv-no-stream/SSC2.sa
2026-08-30 10:13:30 UTC,Saudi Arabia,SSC 3,SSC3.sa,unavailable,Not tested — no public stream,No real stream URL,,0,example.invalid,https://example.invalid/iptv-no-stream/SSC3.sa
2026-08-30 10:13:30 UTC,Saudi Arabia,SSC 4,SSC4.sa,unavailable,Not tested — no public stream,No real stream URL,,0,example.invalid,https://example.invalid/iptv-no-stream/SSC4.sa
2026-08-30 10:13:30 UTC,Saudi Arabia,SSC 5,SSC5.sa,unavailable,Not tested — no public stream,No real stream URL,,0,example.invalid,https://example.invalid/iptv-no-stream/SSC5.sa
2026-08-30 10:13:30 UTC,Saudi Arabia,SSC Action Waleed,SSCActionWaleed.sa,unavailable,Not tested — no public stream,No real stream URL,,0,example.invalid,https://example.invalid/iptv-no-stream/SSCActionWaleed.sa
2026-08-30 10:13:30 UTC,Saudi Arabia,SSC Action Waleed Extra,SSCActionWaleedExtra.sa,unavailable,Not tested — no public stream,No real stream URL,,0,example.invalid,https://example.invalid/iptv-no-stream/SSCActionWaleedExtra.sa
2026-08-30 10:13:30 UTC,Saudi Arabia,SSC Extra 1,SSCExtra1.sa,unavailable,Not tested — no public stream,No real stream URL,,0,example.invalid,https://example.invalid/iptv-no-stream/SSCExtra1.sa
2026-08-30 10:13:30 UTC,Saudi Arabia,SSC Extra 2,SSCExtra2.sa,unavailable,Not tested — no public stream,No real stream URL,,0,example.invalid,https://example.invalid/iptv-no-stream/SSCExtra2.sa
2026-08-30 10:13:30 UTC,Saudi Arabia,SSC Extra 3,SSCExtra3.sa,unavailable,Not tested — no public stream,No real stream URL,,0,example.invalid,https://example.invalid/iptv-no-stream/SSCExtra3.sa
2026-08-30 10:13:30 UTC,Saudi Arabia,SSC News,SSCNews.sa,unavailable,Not tested — no public stream,No real stream URL,,0,example.invalid,https://example.invalid/iptv-no-stream/SSCNews.sa
2026-08-30 10:13:30 UTC,Saudi Arabia,Sunna TV,SunnaTV.sa,unavailable,Not tested — no public stream,No real stream URL,,0,example.invalid,https://example.invalid/iptv-no-stream/SunnaTV.sa
2026-08-30 10:13:30 UTC,Saudi Arabia,Tarab (1080p),Tarab.sa@SD,available,Working,audio+video,5902,1,shd-amg-fast-btpls.shahid.net,https://shd-amg-fast-btpls.shahid.net/tx002/playlist.m3u8
2026-08-30 10:13:30 UTC,Saudi Arabia,Thikrayat TV (1080p) [Geo-blocked],ThikrayatTV.sa@SD,available,Working,audio+video,15821,1,shd-gcp-live.edgenextcdn.net,https://shd-gcp-live.edgenextcdn.net/live/bitmovin-thikrayat/8cfa8fe0c96275735745b89c683b27e3/index.m3u8
2026-08-30 10:13:30 UTC,Saudi Arabia,Thmanyah 1,Thmanyah1.sa,unavailable,Not tested — no public stream,No real stream URL,,0,example.invalid,https://example.invalid/iptv-no-stream/Thmanyah1.sa
2026-08-30 10:13:30 UTC,Saudi Arabia,Thmanyah 2,Thmanyah2.sa,unavailable,Not tested — no public stream,No real stream URL,,0,example.invalid,https://example.invalid/iptv-no-stream/Thmanyah2.sa
2026-08-30 10:13:30 UTC,Saudi Arabia,Thmanyah 3,Thmanyah3.sa,unavailable,Not tested — no public stream,No real stream URL,,0,example.invalid,https://example.invalid/iptv-no-stream/Thmanyah3.sa
2026-08-30 10:13:30 UTC,Saudi Arabia,Waqie TV,WaqieTV.sa,unavailable,Not tested — no public stream,No real stream URL,,0,example.invalid,https://example.invalid/iptv-no-stream/WaqieTV.sa
2026-08-30 10:13:30 UTC,Saudi Arabia,Wesal TV,WesalTV.sa,unavailable,Not tested — no public stream,No real stream URL,,0,example.invalid,https://example.invalid/iptv-no-stream/WesalTV.sa
2026-08-30 10:13:30 UTC,Saudi Arabia,Zad TV,ZadTV.sa,unavailable,Not tested — no public stream,No real stream URL,,0,example.invalid,https://example.invalid/iptv-no-stream/ZadTV.sa
2026-08-30 10:13:30 UTC,Somalia,Arlaadi TV,ArlaadiTV.so@SD,available,Failed,https://ap02.iqplay.tv:8082/iqb8002/alr114iapp/playlist.m3u8: Connection timed out,5104,2,ap02.iqplay.tv,https://ap02.iqplay.tv:8082/iqb8002/alr114iapp/playlist.m3u8
2026-08-30 10:13:30 UTC,Somalia,Asal TV,AsalTV.so,unavailable,Not tested — no public stream,No real stream URL,,0,example.invalid,https://example.invalid/iptv-no-stream/AsalTV.so
2026-08-30 10:13:30 UTC,Somalia,Banaadir TV,BanaadirTV.so,unavailable,Not tested — no public stream,No real stream URL,,0,example.invalid,https://example.invalid/iptv-no-stream/BanaadirTV.so
2026-08-30 10:13:30 UTC,Somalia,Bulsho TV,BulshoTV.so,unavailable,Not tested — no public stream,No real stream URL,,0,example.invalid,https://example.invalid/iptv-no-stream/BulshoTV.so
2026-08-30 10:13:30 UTC,Somalia,Codka Bariga Afrika,CodkaBarigaAfrika.so,unavailable,Not tested — no public stream,No real stream URL,,0,example.invalid,https://example.invalid/iptv-no-stream/CodkaBarigaAfrika.so
2026-08-30 10:13:30 UTC,Somalia,Dalka TV,DalkaTV.so,unavailable,Not tested — no public stream,No real stream URL,,0,example.invalid,https://example.invalid/iptv-no-stream/DalkaTV.so
2026-08-30 10:13:30 UTC,Somalia,Gobanimo TV,GobanimoTV.so,unavailable,Not tested — no public stream,No real stream URL,,0,example.invalid,https://example.invalid/iptv-no-stream/GobanimoTV.so
2026-08-30 10:13:30 UTC,Somalia,Goobjoog TV,GoobjoogTV.so,unavailable,Not tested — no public stream,No real stream URL,,0,example.invalid,https://example.invalid/iptv-no-stream/GoobjoogTV.so
2026-08-30 10:13:30 UTC,Somalia,Hirshabelle TV (576p),HirshabelleTV.so@SD,available,Failed,http://ap02.iqplay.tv:8081/iqb8002/h1rshbe1iptv/playlist.m3u8: Connection timed out,5103,2,ap02.iqplay.tv,http://ap02.iqplay.tv:8081/iqb8002/h1rshbe1iptv/playlist.m3u8
2026-08-30 10:13:30 UTC,Somalia,Iftiin TV,IftiinTV.so,unavailable,Not tested — no public stream,No real stream URL,,0,example.invalid,https://example.invalid/iptv-no-stream/IftiinTV.so
2026-08-30 10:13:30 UTC,Somalia,Jubbaland TV,JubbalandTV.so,unavailable,Not tested — no public stream,No real stream URL,,0,example.invalid,https://example.invalid/iptv-no-stream/JubbalandTV.so
2026-08-30 10:13:30 UTC,Somalia,KGS TV,KGSTV.so,unavailable,Not tested — no public stream,No real stream URL,,0,example.invalid,https://example.invalid/iptv-no-stream/KGSTV.so
2026-08-30 10:13:30 UTC,Somalia,Maan TV,MaanTV.so,unavailable,Not tested — no public stream,No real stream URL,,0,example.invalid,https://example.invalid/iptv-no-stream/MaanTV.so
2026-08-30 10:13:30 UTC,Somalia,Puntland TV (720p),PuntlandTV.so@SD,available,Failed,http://cdn.mediavisionuae.com:1935/live/putlandtv2.stream/playlist.m3u8: Connection timed out,5039,2,cdn.mediavisionuae.com,http://cdn.mediavisionuae.com:1935/live/putlandtv2.stream/playlist.m3u8
2026-08-30 10:13:30 UTC,Somalia,Rejo Sports,RejoSports.so,unavailable,Not tested — no public stream,No real stream URL,,0,example.invalid,https://example.invalid/iptv-no-stream/RejoSports.so
2026-08-30 10:13:30 UTC,Somalia,Saab TV (576p),SaabTV.so@SD,available,Failed,https://ap02.iqplay.tv:8082/iqb8002/s03btv/playlist.m3u8: Connection timed out,5167,2,ap02.iqplay.tv,https://ap02.iqplay.tv:8082/iqb8002/s03btv/playlist.m3u8
2026-08-30 10:13:30 UTC,Somalia,Sahan TV,SahanTV.so,unavailable,Not tested — no public stream,No real stream URL,,0,example.invalid,https://example.invalid/iptv-no-stream/SahanTV.so
2026-08-30 10:13:30 UTC,Somalia,SBC TV (720p) [Not 24/7],SBCTV.so@SD,available,Failed,http://cdn.mediavisionuae.com:1935/live/sbctv.stream/playlist.m3u8: Connection timed out,5065,2,cdn.mediavisionuae.com,http://cdn.mediavisionuae.com:1935/live/sbctv.stream/playlist.m3u8
2026-08-30 10:13:30 UTC,Somalia,SMS TV,SMSTV.so,unavailable,Not tested — no public stream,No real stream URL,,0,example.invalid,https://example.invalid/iptv-no-stream/SMSTV.so
2026-08-30 10:13:30 UTC,Somalia,SNTV 2,SNTV2.so,unavailable,Not tested — no public stream,No real stream URL,,0,example.invalid,https://example.invalid/iptv-no-stream/SNTV2.so
2026-08-30 10:13:30 UTC,Somalia,SNTV Daljir (576p),SNTVDaljir.so@SD,available,Failed,https://ap02.iqplay.tv:8082/iqb8002/s2tve/playlist.m3u8: Connection timed out,5232,2,ap02.iqplay.tv,https://ap02.iqplay.tv:8082/iqb8002/s2tve/playlist.m3u8
2026-08-30 10:13:30 UTC,Somalia,Somali National TV (576p),SomaliNationalTV.so@SD,available,Failed,https://ap02.iqplay.tv:8082/iqb8002/s4ne/playlist.m3u8: Connection timed out,5124,2,ap02.iqplay.tv,https://ap02.iqplay.tv:8082/iqb8002/s4ne/playlist.m3u8
2026-08-30 10:13:30 UTC,Somalia,Somaliland National TV,SomalilandNationalTV.so,unavailable,Not tested — no public stream,No real stream URL,,0,example.invalid,https://example.invalid/iptv-no-stream/SomalilandNationalTV.so
2026-08-30 10:13:30 UTC,Somalia,STV Somalia,STVSomalia.so,unavailable,Not tested — no public stream,No real stream URL,,0,example.invalid,https://example.invalid/iptv-no-stream/STVSomalia.so
2026-08-30 10:13:30 UTC,Somalia,Voice of Somali TV,VoiceofSomaliTV.so,unavailable,Not tested — no public stream,No real stream URL,,0,example.invalid,https://example.invalid/iptv-no-stream/VoiceofSomaliTV.so
2026-08-30 10:13:30 UTC,Sudan,Al Alamiya 2,AlAlamiya2.sd@SD,available,Invalid stream,http://82.212.74.98:8000/live/7815.m3u8: Invalid data found when processing input,10684,2,82.212.74.98,http://82.212.74.98:8000/live/7815.m3u8
2026-08-30 10:13:30 UTC,Sudan,Al Gezira TV,AlGeziraTV.sd,unavailable,Not tested — no public stream,No real stream URL,,0,example.invalid,https://example.invalid/iptv-no-stream/AlGeziraTV.sd
2026-08-30 10:13:30 UTC,Sudan,Al-Hilal TV,AlHilalTV.sd,unavailable,Not tested — no public stream,No real stream URL,,0,example.invalid,https://example.invalid/iptv-no-stream/AlHilalTV.sd
2026-08-30 10:13:30 UTC,Sudan,Al-Merrikh TV,AlMerrikhTV.sd,unavailable,Not tested — no public stream,No real stream URL,,0,example.invalid,https://example.invalid/iptv-no-stream/AlMerrikhTV.sd
2026-08-30 10:13:30 UTC,Sudan,Albalad TV,AlbaladTV.sd,unavailable,Not tested — no public stream,No real stream URL,,0,example.invalid,https://example.invalid/iptv-no-stream/AlbaladTV.sd
2026-08-30 10:13:30 UTC,Sudan,Aleunwan 24,Aleunwan24.sd,unavailable,Not tested — no public stream,No real stream URL,,0,example.invalid,https://example.invalid/iptv-no-stream/Aleunwan24.sd
2026-08-30 10:13:30 UTC,Sudan,Alistijabah TV,AlistijabahTV.sd,unavailable,Not tested — no public stream,No real stream URL,,0,example.invalid,https://example.invalid/iptv-no-stream/AlistijabahTV.sd
2026-08-30 10:13:30 UTC,Sudan,Alzarga TV,AlzargaTV.sd,unavailable,Not tested — no public stream,No real stream URL,,0,example.invalid,https://example.invalid/iptv-no-stream/AlzargaTV.sd
2026-08-30 10:13:30 UTC,Sudan,Ashorooq TV,AshorooqTV.sd,unavailable,Not tested — no public stream,No real stream URL,,0,example.invalid,https://example.invalid/iptv-no-stream/AshorooqTV.sd
2026-08-30 10:13:30 UTC,Sudan,Blue Nile Channel,BlueNileChannel.sd,unavailable,Not tested — no public stream,No real stream URL,,0,example.invalid,https://example.invalid/iptv-no-stream/BlueNileChannel.sd
2026-08-30 10:13:30 UTC,Sudan,Blue Nile Channel 2,BlueNileChannel2.sd,unavailable,Not tested — no public stream,No real stream URL,,0,example.invalid,https://example.invalid/iptv-no-stream/BlueNileChannel2.sd
2026-08-30 10:13:30 UTC,Sudan,Dabanga TV (1080p),DabangaTV.sd@SD,available,Working,audio+video,624,1,hls.dabangasudan.org,https://hls.dabangasudan.org/hls/stream.m3u8
2026-08-30 10:13:30 UTC,Sudan,Kanon TV Sudan,KanonTVSudan.sd,unavailable,Not tested — no public stream,No real stream URL,,0,example.invalid,https://example.invalid/iptv-no-stream/KanonTVSudan.sd
2026-08-30 10:13:30 UTC,Sudan,Karari TV,KarariTV.sd,unavailable,Not tested — no public stream,No real stream URL,,0,example.invalid,https://example.invalid/iptv-no-stream/KarariTV.sd
2026-08-30 10:13:30 UTC,Sudan,Kassala TV,KassalaTV.sd,unavailable,Not tested — no public stream,No real stream URL,,0,example.invalid,https://example.invalid/iptv-no-stream/KassalaTV.sd
2026-08-30 10:13:30 UTC,Sudan,Khartoum TV,KhartoumTV.sd,unavailable,Not tested — no public stream,No real stream URL,,0,example.invalid,https://example.invalid/iptv-no-stream/KhartoumTV.sd
2026-08-30 10:13:30 UTC,Sudan,ML TV,MLTV.sd,unavailable,Not tested — no public stream,No real stream URL,,0,example.invalid,https://example.invalid/iptv-no-stream/MLTV.sd
2026-08-30 10:13:30 UTC,Sudan,Nile River TV Channel,NileRiverTVChannel.sd,unavailable,Not tested — no public stream,No real stream URL,,0,example.invalid,https://example.invalid/iptv-no-stream/NileRiverTVChannel.sd
2026-08-30 10:13:30 UTC,Sudan,Red Sea Channel,RedSeaChannel.sd,unavailable,Not tested — no public stream,No real stream URL,,0,example.invalid,https://example.invalid/iptv-no-stream/RedSeaChannel.sd
2026-08-30 10:13:30 UTC,Sudan,Shamalia TV,ShamaliaTV.sd,unavailable,Not tested — no public stream,No real stream URL,,0,example.invalid,https://example.invalid/iptv-no-stream/ShamaliaTV.sd
2026-08-30 10:13:30 UTC,Sudan,Sniper TV,SniperTV.sd,unavailable,Not tested — no public stream,No real stream URL,,0,example.invalid,https://example.invalid/iptv-no-stream/SniperTV.sd
2026-08-30 10:13:30 UTC,Sudan,Sudan Bukra,SudanBukra.sd,unavailable,Not tested — no public stream,No real stream URL,,0,example.invalid,https://example.invalid/iptv-no-stream/SudanBukra.sd
2026-08-30 10:13:30 UTC,Sudan,Sudan Drama,SudanDrama.sd,unavailable,Not tested — no public stream,No real stream URL,,0,example.invalid,https://example.invalid/iptv-no-stream/SudanDrama.sd
2026-08-30 10:13:30 UTC,Sudan,Sudan Edu TV,SudanEduTV.sd,unavailable,Not tested — no public stream,No real stream URL,,0,example.invalid,https://example.invalid/iptv-no-stream/SudanEduTV.sd
2026-08-30 10:13:30 UTC,Sudan,Sudan Music,SudanMusic.sd,unavailable,Not tested — no public stream,No real stream URL,,0,example.invalid,https://example.invalid/iptv-no-stream/SudanMusic.sd
2026-08-30 10:13:30 UTC,Sudan,Sudan Now 24,SudanNow24.sd,unavailable,Not tested — no public stream,No real stream URL,,0,example.invalid,https://example.invalid/iptv-no-stream/SudanNow24.sd
2026-08-30 10:13:30 UTC,Sudan,Sudan Sport,SudanSport.sd,unavailable,Not tested — no public stream,No real stream URL,,0,example.invalid,https://example.invalid/iptv-no-stream/SudanSport.sd
2026-08-30 10:13:30 UTC,Sudan,Sudan TV (360p),SudanTV.sd@SD,available,Working,audio+video,2941,1,cdn-globecast.akamaized.net,https://cdn-globecast.akamaized.net/live/eds/sudan_tv/hls_roku/index.m3u8
2026-08-30 10:13:30 UTC,Sudan,Sudania 24 TV,Sudania24TV.sd,unavailable,Not tested — no public stream,No real stream URL,,0,example.invalid,https://example.invalid/iptv-no-stream/Sudania24TV.sd
2026-08-30 10:13:30 UTC,Sudan,TA Seti Almareefa,TASetiAlmareefa.sd,unavailable,Not tested — no public stream,No real stream URL,,0,example.invalid,https://example.invalid/iptv-no-stream/TASetiAlmareefa.sd
2026-08-30 10:13:30 UTC,Sudan,Tayba TV,TaybaTV.sd,unavailable,Not tested — no public stream,No real stream URL,,0,example.invalid,https://example.invalid/iptv-no-stream/TaybaTV.sd
2026-08-30 10:13:30 UTC,Syria,Al-Khabar Tele Site,AlKhabarTeleSite.sy,unavailable,Not tested — no public stream,No real stream URL,,0,example.invalid,https://example.invalid/iptv-no-stream/AlKhabarTeleSite.sy
2026-08-30 10:13:30 UTC,Syria,Al-Souriya TV (1080p),AlSouriyaTV.sy@HD,available,Working,audio+video,11777,1,shd-gcp-live.edgenextcdn.net,https://shd-gcp-live.edgenextcdn.net/live/bitmovin-al-souriya-tv/e3150760fa5fd62776225433b8c3d406/index.m3u8
2026-08-30 10:13:30 UTC,Syria,Alalam News Channel Syria (1080p),AlalamNewsChannelSyria.sy@SD,available,Working,audio+video,1640,1,live2.alalam.ir,http://live2.alalam.ir/live/Alalam/index.m3u8
2026-08-30 10:13:30 UTC,Syria,Alikhbaria Syria (1080p),AlikhbariaSyria.sy@SD,available,Working,audio+video,1644,1,185.9.2.18,http://185.9.2.18/chid_423/index.m3u8
2026-08-30 10:13:30 UTC,Syria,Almahaliya TV,AlmahaliyaTV.sy,unavailable,Not tested — no public stream,No real stream URL,,0,example.invalid,https://example.invalid/iptv-no-stream/AlmahaliyaTV.sy
2026-08-30 10:13:30 UTC,Syria,Althania (1080p),Althania.sy@SD,available,Working,audio+video,9119,1,live.kwikmotion.com,https://live.kwikmotion.com/syriatv02live/syriatv02.smil/playlist.m3u8
2026-08-30 10:13:30 UTC,Syria,Alyaum Channel,AlyaumChannel.sy,unavailable,Not tested — no public stream,No real stream URL,,0,example.invalid,https://example.invalid/iptv-no-stream/AlyaumChannel.sy
2026-08-30 10:13:30 UTC,Syria,ANN,ANN.sy,unavailable,Not tested — no public stream,No real stream URL,,0,example.invalid,https://example.invalid/iptv-no-stream/ANN.sy
2026-08-30 10:13:30 UTC,Syria,Damascus Radio (720p),DamascusRadio.sy@SD,available,Working,audio+video,7705,1,radiodamascus.ortas.live,https://radiodamascus.ortas.live/RDimshq/RDimshqLive/playlist.m3u8
2026-08-30 10:13:30 UTC,Syria,Halab Today TV (1080p),HalabTodayTV.sy@SD,available,Not found (404),https://halabtoday-live.lg.mncdn.com/halabtoday/livestream/playlist.m3u8: Server returned 404 Not Found,526,2,halabtoday-live.lg.mncdn.com,https://halabtoday-live.lg.mncdn.com/halabtoday/livestream/playlist.m3u8
2026-08-30 10:13:30 UTC,Syria,Massaya TV,MassayaTV.sy,unavailable,Not tested — no public stream,No real stream URL,,0,example.invalid,https://example.invalid/iptv-no-stream/MassayaTV.sy
2026-08-30 10:13:30 UTC,Syria,Nour El-Sham,NourElSham.sy,unavailable,Not tested — no public stream,No real stream URL,,0,example.invalid,https://example.invalid/iptv-no-stream/NourElSham.sy
2026-08-30 10:13:30 UTC,Syria,Prime (1080p),Prime.sy@HD,available,Working,audio+video,3473,1,mn-nl.mncdn.com,https://mn-nl.mncdn.com/primetv/live/index.m3u8
2026-08-30 10:13:30 UTC,Syria,Radio Alkul TV,RadioAlkulTV.sy,unavailable,Not tested — no public stream,No real stream URL,,0,example.invalid,https://example.invalid/iptv-no-stream/RadioAlkulTV.sy
2026-08-30 10:13:30 UTC,Syria,Raqqa TV,RaqqaTV.sy,unavailable,Not tested — no public stream,No real stream URL,,0,example.invalid,https://example.invalid/iptv-no-stream/RaqqaTV.sy
2026-08-30 10:13:30 UTC,Syria,Rojava TV (1080p),RojavaTV.sy@SD,available,Working,audio+video,5663,1,hlspackager.akamaized.net,https://hlspackager.akamaized.net/live/DB/ROJAVA_HD/HLS/ROJAVA_HD.m3u8
2026-08-30 10:13:30 UTC,Syria,Ronahi TV (1080p),RonahiTV.sy@SD,available,Working,audio+video,5074,1,hlspackager.akamaized.net,https://hlspackager.akamaized.net/live/DB/RONAHI_TV/HLS/RONAHI_TV.m3u8
2026-08-30 10:13:30 UTC,Syria,Sama TV,SamaTV.sy,unavailable,Not tested — no public stream,No real stream URL,,0,example.invalid,https://example.invalid/iptv-no-stream/SamaTV.sy
2026-08-30 10:13:30 UTC,Syria,Sham FM TV,ShamFMTV.sy,unavailable,Not tested — no public stream,No real stream URL,,0,example.invalid,https://example.invalid/iptv-no-stream/ShamFMTV.sy
2026-08-30 10:13:30 UTC,Syria,Souryana Radio,SouryanaRadio.sy,unavailable,Not tested — no public stream,No real stream URL,,0,example.invalid,https://example.invalid/iptv-no-stream/SouryanaRadio.sy
2026-08-30 10:13:30 UTC,Syria,Souryana TV,SouryanaTV.sy,unavailable,Not tested — no public stream,No real stream URL,,0,example.invalid,https://example.invalid/iptv-no-stream/SouryanaTV.sy
2026-08-30 10:13:30 UTC,Syria,Syria Drama,SyriaDrama.sy,unavailable,Not tested — no public stream,No real stream URL,,0,example.invalid,https://example.invalid/iptv-no-stream/SyriaDrama.sy
2026-08-30 10:13:30 UTC,Syria,Syria Drama 24,SyriaDrama24.sy,unavailable,Not tested — no public stream,No real stream URL,,0,example.invalid,https://example.invalid/iptv-no-stream/SyriaDrama24.sy
2026-08-30 10:13:30 UTC,Syria,Syria One,SyriaOne.sy,unavailable,Not tested — no public stream,No real stream URL,,0,example.invalid,https://example.invalid/iptv-no-stream/SyriaOne.sy
2026-08-30 10:13:30 UTC,Syria,Syria Sports TV,SyriaSportsTV.sy,unavailable,Not tested — no public stream,No real stream URL,,0,example.invalid,https://example.invalid/iptv-no-stream/SyriaSportsTV.sy
2026-08-30 10:13:30 UTC,Syria,Syria TV (1080p),SyriaTV.sy@SD,available,Working,audio+video,8218,1,live.kwikmotion.com,https://live.kwikmotion.com/syriatvlive/syriatv.smil/playlist_dvr.m3u8
2026-08-30 10:13:30 UTC,Syria,Syrian Educational TV,SyrianEducationalTV.sy,unavailable,Not tested — no public stream,No real stream URL,,0,example.invalid,https://example.invalid/iptv-no-stream/SyrianEducationalTV.sy
2026-08-30 10:13:30 UTC,Syria,Syrian News Channel,SyrianNewsChannel.sy,unavailable,Not tested — no public stream,No real stream URL,,0,example.invalid,https://example.invalid/iptv-no-stream/SyrianNewsChannel.sy
2026-08-30 10:13:30 UTC,Syria,Ugarit TV,UgaritTV.sy,unavailable,Not tested — no public stream,No real stream URL,,0,example.invalid,https://example.invalid/iptv-no-stream/UgaritTV.sy
2026-08-30 10:13:30 UTC,Syria,Welat TV (1080i),WelatTV.sy@HD,available,Working,audio+video,2667,1,stream.badinan.xyz,https://stream.badinan.xyz/welat/tv/playlist.m3u8
2026-08-30 10:13:30 UTC,Tunisia,Al Insen TV,AlInsenTV.tn,unavailable,Not tested — no public stream,No real stream URL,,0,example.invalid,https://example.invalid/iptv-no-stream/AlInsenTV.tn
2026-08-30 10:13:30 UTC,Tunisia,Al Janoubiya TV,AlJanoubiyaTV.tn,unavailable,Not tested — no public stream,No real stream URL,,0,example.invalid,https://example.invalid/iptv-no-stream/AlJanoubiyaTV.tn
2026-08-30 10:13:30 UTC,Tunisia,Attessia TV,AttessiaTV.tn,unavailable,Not tested — no public stream,No real stream URL,,0,example.invalid,https://example.invalid/iptv-no-stream/AttessiaTV.tn
2026-08-30 10:13:30 UTC,Tunisia,Baya TV,BayaTV.tn,unavailable,Not tested — no public stream,No real stream URL,,0,example.invalid,https://example.invalid/iptv-no-stream/BayaTV.tn
2026-08-30 10:13:30 UTC,Tunisia,Carthage+,CarthagePlus.tn,unavailable,Not tested — no public stream,No real stream URL,,0,example.invalid,https://example.invalid/iptv-no-stream/CarthagePlus.tn
2026-08-30 10:13:30 UTC,Tunisia,CNB TV,CNBTV.tn,unavailable,Not tested — no public stream,No real stream URL,,0,example.invalid,https://example.invalid/iptv-no-stream/CNBTV.tn
2026-08-30 10:13:30 UTC,Tunisia,El Watania 1 (1080i),ElWatania1.tn@SD,available,Working,audio+video,3931,1,sw1.tanitweb.net,https://sw1.tanitweb.net/TunisiaTV/_definst_/watania1/chunklist.m3u8
2026-08-30 10:13:30 UTC,Tunisia,El Watania 2 (1080p),ElWatania2.tn@SD,available,Working,audio+video,4577,1,sw1.tanitweb.net,https://sw1.tanitweb.net/TunisiaTV/_definst_/watania2/playlist.m3u8?DVR
2026-08-30 10:13:30 UTC,Tunisia,Elhiwar Ettounsi TV,ElhiwarEttounsiTV.tn,unavailable,Not tested — no public stream,No real stream URL,,0,example.invalid,https://example.invalid/iptv-no-stream/ElhiwarEttounsiTV.tn
2026-08-30 10:13:30 UTC,Tunisia,Essaida TV,EssaidaTV.tn,unavailable,Not tested — no public stream,No real stream URL,,0,example.invalid,https://example.invalid/iptv-no-stream/EssaidaTV.tn
2026-08-30 10:13:30 UTC,Tunisia,Hannibal TV,HannibalTV.tn,unavailable,Not tested — no public stream,No real stream URL,,0,example.invalid,https://example.invalid/iptv-no-stream/HannibalTV.tn
2026-08-30 10:13:30 UTC,Tunisia,IFM TV,IFMTV.tn,unavailable,Not tested — no public stream,No real stream URL,,0,example.invalid,https://example.invalid/iptv-no-stream/IFMTV.tn
2026-08-30 10:13:30 UTC,Tunisia,Jawhara TV (720p) [Not 24/7],JawharaTV.tn@SD,available,Invalid stream,http://streaming.toutech.net:1935/live/mp4:jawharafm.sdp/playlist.m3u8: Invalid data found when processing input,551,2,streaming.toutech.net,http://streaming.toutech.net:1935/live/mp4:jawharafm.sdp/playlist.m3u8
2026-08-30 10:13:30 UTC,Tunisia,Mosaique FM (1080p),MosaiqueFM.tn@SD,available,Working,audio+video,3849,1,webcam.mosaiquefm.net,https://webcam.mosaiquefm.net/mosatv/_definst_/studio/playlist.m3u8?DVR
2026-08-30 10:13:30 UTC,Tunisia,Nefzawa TV,NefzawaTV.tn,unavailable,Not tested — no public stream,No real stream URL,,0,example.invalid,https://example.invalid/iptv-no-stream/NefzawaTV.tn
2026-08-30 10:13:30 UTC,Tunisia,Nessma El Jadida,NessmaElJadida.tn,unavailable,Not tested — no public stream,No real stream URL,,0,example.invalid,https://example.invalid/iptv-no-stream/NessmaElJadida.tn
2026-08-30 10:13:30 UTC,Tunisia,Radio Nationale Visuelle,RadioNationaleVisuelle.tn,unavailable,Not tested — no public stream,No real stream URL,,0,example.invalid,https://example.invalid/iptv-no-stream/RadioNationaleVisuelle.tn
2026-08-30 10:13:30 UTC,Tunisia,Sahel TV,SahelTV.tn,unavailable,Not tested — no public stream,No real stream URL,,0,example.invalid,https://example.invalid/iptv-no-stream/SahelTV.tn
2026-08-30 10:13:30 UTC,Tunisia,SPLTV,SPLTV.tn,unavailable,Not tested — no public stream,No real stream URL,,0,example.invalid,https://example.invalid/iptv-no-stream/SPLTV.tn
2026-08-30 10:13:30 UTC,Tunisia,Telvza TV,TelvzaTV.tn,unavailable,Not tested — no public stream,No real stream URL,,0,example.invalid,https://example.invalid/iptv-no-stream/TelvzaTV.tn
2026-08-30 10:13:30 UTC,Tunisia,TT1,TT1.tn,unavailable,Not tested — no public stream,No real stream URL,,0,example.invalid,https://example.invalid/iptv-no-stream/TT1.tn
2026-08-30 10:13:30 UTC,Tunisia,TunisiaShop TV,TunisiaShopTV.tn,unavailable,Not tested — no public stream,No real stream URL,,0,example.invalid,https://example.invalid/iptv-no-stream/TunisiaShopTV.tn
2026-08-30 10:13:30 UTC,Tunisia,Tunisie Immobilier TV,TunisieImmobilierTV.tn,unavailable,Not tested — no public stream,No real stream URL,,0,example.invalid,https://example.invalid/iptv-no-stream/TunisieImmobilierTV.tn
2026-08-30 10:13:30 UTC,Tunisia,Tunisna TV,TunisnaTV.tn,unavailable,Not tested — no public stream,No real stream URL,,0,example.invalid,https://example.invalid/iptv-no-stream/TunisnaTV.tn
2026-08-30 10:13:30 UTC,Tunisia,Watania Educative,WataniaEducative.tn,unavailable,Not tested — no public stream,No real stream URL,,0,example.invalid,https://example.invalid/iptv-no-stream/WataniaEducative.tn
2026-08-30 10:13:30 UTC,Tunisia,Zitouna TV,ZitounaTV.tn,unavailable,Not tested — no public stream,No real stream URL,,0,example.invalid,https://example.invalid/iptv-no-stream/ZitounaTV.tn
2026-08-30 10:13:30 UTC,United Arab Emirates,3eesh Al Aan TV,3eeshAlAanTV.ae,unavailable,Not tested — no public stream,No real stream URL,,0,example.invalid,https://example.invalid/iptv-no-stream/3eeshAlAanTV.ae
2026-08-30 10:13:30 UTC,United Arab Emirates,Abu Dhabi Emirates,AbuDhabiEmirates.ae,unavailable,Not tested — no public stream,No real stream URL,,0,example.invalid,https://example.invalid/iptv-no-stream/AbuDhabiEmirates.ae
2026-08-30 10:13:30 UTC,United Arab Emirates,Abu Dhabi Sports 1,AbuDhabiSports1.ae,unavailable,Not tested — no public stream,No real stream URL,,0,example.invalid,https://example.invalid/iptv-no-stream/AbuDhabiSports1.ae
2026-08-30 10:13:30 UTC,United Arab Emirates,Abu Dhabi Sports 2,AbuDhabiSports2.ae,unavailable,Not tested — no public stream,No real stream URL,,0,example.invalid,https://example.invalid/iptv-no-stream/AbuDhabiSports2.ae
2026-08-30 10:13:30 UTC,United Arab Emirates,Abu Dhabi Sports 3,AbuDhabiSports3.ae,unavailable,Not tested — no public stream,No real stream URL,,0,example.invalid,https://example.invalid/iptv-no-stream/AbuDhabiSports3.ae
2026-08-30 10:13:30 UTC,United Arab Emirates,Abu Dhabi Sports 4,AbuDhabiSports4.ae,unavailable,Not tested — no public stream,No real stream URL,,0,example.invalid,https://example.invalid/iptv-no-stream/AbuDhabiSports4.ae
2026-08-30 10:13:30 UTC,United Arab Emirates,Abu Dhabi TV,AbuDhabiTV.ae,unavailable,Not tested — no public stream,No real stream URL,,0,example.invalid,https://example.invalid/iptv-no-stream/AbuDhabiTV.ae
2026-08-30 10:13:30 UTC,United Arab Emirates,Abu Dhabi TV Europe,AbuDhabiTVEurope.ae,unavailable,Not tested — no public stream,No real stream URL,,0,example.invalid,https://example.invalid/iptv-no-stream/AbuDhabiTVEurope.ae
2026-08-30 10:13:30 UTC,United Arab Emirates,Ajman,Ajman.ae,unavailable,Not tested — no public stream,No real stream URL,,0,example.invalid,https://example.invalid/iptv-no-stream/Ajman.ae
2026-08-30 10:13:30 UTC,United Arab Emirates,Ajman TV (1080p),AjmanTV.ae@SD,available,Working,audio+video,9764,1,cdn1.logichost.in,https://cdn1.logichost.in/ajmantv/live/playlist.m3u8
2026-08-30 10:13:30 UTC,United Arab Emirates,Al Aan TV,AlAanTV.ae,unavailable,Not tested — no public stream,No real stream URL,,0,example.invalid,https://example.invalid/iptv-no-stream/AlAanTV.ae
2026-08-30 10:13:30 UTC,United Arab Emirates,Al Arabiya Business (1080p),AlArabiyaBusiness.ae@SD,available,Working,audio+video,3711,1,live.alarabiya.net,https://live.alarabiya.net/alarabiapublish/aswaaq.smil/playlist.m3u8
2026-08-30 10:13:30 UTC,United Arab Emirates,Al Arabiya Programs (1280p),AlArabiyaPrograms.ae@SD,available,Working,audio+video,3456,1,live.alarabiya.net,https://live.alarabiya.net/alarabiapublish/aaprograms.smil/playlist.m3u8
2026-08-30 10:13:30 UTC,United Arab Emirates,Al Dafrah TV,AlDafrahTV.ae,unavailable,Not tested — no public stream,No real stream URL,,0,example.invalid,https://example.invalid/iptv-no-stream/AlDafrahTV.ae
2026-08-30 10:13:30 UTC,United Arab Emirates,Al Mashhad,AlMashhad.ae,unavailable,Not tested — no public stream,No real stream URL,,0,example.invalid,https://example.invalid/iptv-no-stream/AlMashhad.ae
2026-08-30 10:13:30 UTC,United Arab Emirates,Al Qamar TV (1080p),AlQamarTV.ae@SD,available,Working,audio+video,13449,1,streamer3.premio.link,https://streamer3.premio.link/alqamar/playlist.m3u8
2026-08-30 10:13:30 UTC,United Arab Emirates,Al Safwa,AlSafwa.ae,unavailable,Not tested — no public stream,No real stream URL,,0,example.invalid,https://example.invalid/iptv-no-stream/AlSafwa.ae
2026-08-30 10:13:30 UTC,United Arab Emirates,Al Shallal TV (1080p),AlShallalTV.ae@SD,available,Working,audio+video,6984,1,amg01480-alshallalfze-alshallal-ono-q0hfg.amagi.tv,https://amg01480-alshallalfze-alshallal-ono-q0hfg.amagi.tv/playlist.m3u8
2026-08-30 10:13:30 UTC,United Arab Emirates,Al Sharqiya Min Kabla (1080p),AlSharqiyaMinKabla.ae@SD,available,Working,audio+video,4288,1,svs.itworkscdn.net,https://svs.itworkscdn.net/kablatvlive/kabtv1.smil/playlist.m3u8
2026-08-30 10:13:30 UTC,United Arab Emirates,Al Wousta TV (1080p),AlWoustaTV.ae@SD,available,Working,audio+video,6097,1,svs.itworkscdn.net,https://svs.itworkscdn.net/alwoustalive/alwoustatv.smil/playlist.m3u8
2026-08-30 10:13:30 UTC,United Arab Emirates,Al Yaum TV (1080p),AlYaumTV.ae@SD,available,Working,audio+video,5028,1,hlspackager.akamaized.net,https://hlspackager.akamaized.net/live/DB/ALYAUM_TV/HLS/ALYAUM_TV.m3u8
2026-08-30 10:13:30 UTC,United Arab Emirates,Al Yawm,AlYawm.ae,unavailable,Not tested — no public stream,No real stream URL,,0,example.invalid,https://example.invalid/iptv-no-stream/AlYawm.ae
2026-08-30 10:13:30 UTC,United Arab Emirates,Al Arabiya (1080p),Alarabiya.ae@SD,available,Working,audio+video,2200,1,live.alarabiya.net,https://live.alarabiya.net/alarabiapublish/alarabiya.smil/playlist.m3u8
2026-08-30 10:13:30 UTC,United Arab Emirates,Alarabiya Portrait,AlarabiyaPortrait.ae,unavailable,Not tested — no public stream,No real stream URL,,0,example.invalid,https://example.invalid/iptv-no-stream/AlarabiyaPortrait.ae
2026-08-30 10:13:30 UTC,United Arab Emirates,Alfa Series,AlfaSeries.ae,unavailable,Not tested — no public stream,No real stream URL,,0,example.invalid,https://example.invalid/iptv-no-stream/AlfaSeries.ae
2026-08-30 10:13:30 UTC,United Arab Emirates,B4U Aflam,B4UAflam.ae,unavailable,Not tested — no public stream,No real stream URL,,0,example.invalid,https://example.invalid/iptv-no-stream/B4UAflam.ae
2026-08-30 10:13:30 UTC,United Arab Emirates,Baynounah TV,BaynounahTV.ae,unavailable,Not tested — no public stream,No real stream URL,,0,example.invalid,https://example.invalid/iptv-no-stream/BaynounahTV.ae
2026-08-30 10:13:30 UTC,United Arab Emirates,Bee Theater,BeeTheater.ae,unavailable,Not tested — no public stream,No real stream URL,,0,example.invalid,https://example.invalid/iptv-no-stream/BeeTheater.ae
2026-08-30 10:13:30 UTC,United Arab Emirates,Butterfly HDTV,ButterflyHDTV.ae,unavailable,Not tested — no public stream,No real stream URL,,0,example.invalid,https://example.invalid/iptv-no-stream/ButterflyHDTV.ae
2026-08-30 10:13:30 UTC,United Arab Emirates,Cartoon Network Arabic [Blocked: dmca],CartoonNetworkArabic.ae,blocked,Not tested — blocklisted,IPTV-org blocklist,,0,example.invalid,https://example.invalid/iptv-no-stream/CartoonNetworkArabic.ae
2026-08-30 10:13:30 UTC,United Arab Emirates,China Arab TV,ChinaArabTV.ae,unavailable,Not tested — no public stream,No real stream URL,,0,example.invalid,https://example.invalid/iptv-no-stream/ChinaArabTV.ae
2026-08-30 10:13:30 UTC,United Arab Emirates,Cinema 1,Cinema1.ae,unavailable,Not tested — no public stream,No real stream URL,,0,example.invalid,https://example.invalid/iptv-no-stream/Cinema1.ae
2026-08-30 10:13:30 UTC,United Arab Emirates,Cinema 2,Cinema2.ae,unavailable,Not tested — no public stream,No real stream URL,,0,example.invalid,https://example.invalid/iptv-no-stream/Cinema2.ae
2026-08-30 10:13:30 UTC,United Arab Emirates,Citruss TV,CitrussTV.ae,unavailable,Not tested — no public stream,No real stream URL,,0,example.invalid,https://example.invalid/iptv-no-stream/CitrussTV.ae
2026-08-30 10:13:30 UTC,United Arab Emirates,CNBC Arabiya (1080p),CNBCArabiya.ae@SD,available,Working,audio+video,5437,1,cnbc-live.akamaized.net,https://cnbc-live.akamaized.net/cnbc/master.m3u8
2026-08-30 10:13:30 UTC,United Arab Emirates,CNN Arabic [Blocked: dmca],CNNArabic.ae,blocked,Not tested — blocklisted,IPTV-org blocklist,,0,example.invalid,https://example.invalid/iptv-no-stream/CNNArabic.ae
2026-08-30 10:13:30 UTC,United Arab Emirates,CNN Business Arabic,CNNBusinessArabic.ae,unavailable,Not tested — no public stream,No real stream URL,,0,example.invalid,https://example.invalid/iptv-no-stream/CNNBusinessArabic.ae
2026-08-30 10:13:30 UTC,United Arab Emirates,Damac Persian,DamacPersian.ae,unavailable,Not tested — no public stream,No real stream URL,,0,example.invalid,https://example.invalid/iptv-no-stream/DamacPersian.ae
2026-08-30 10:13:30 UTC,United Arab Emirates,DMAX MENA [Blocked: dmca],DMAXMENA.ae,blocked,Not tested — blocklisted,IPTV-org blocklist,,0,example.invalid,https://example.invalid/iptv-no-stream/DMAXMENA.ae
2026-08-30 10:13:30 UTC,United Arab Emirates,Dubai One,DubaiOne.ae,unavailable,Not tested — no public stream,No real stream URL,,0,example.invalid,https://example.invalid/iptv-no-stream/DubaiOne.ae
2026-08-30 10:13:30 UTC,United Arab Emirates,Dubai Racing,DubaiRacing.ae,unavailable,Not tested — no public stream,No real stream URL,,0,example.invalid,https://example.invalid/iptv-no-stream/DubaiRacing.ae
2026-08-30 10:13:30 UTC,United Arab Emirates,Dubai Racing 2,DubaiRacing2.ae,unavailable,Not tested — no public stream,No real stream URL,,0,example.invalid,https://example.invalid/iptv-no-stream/DubaiRacing2.ae
2026-08-30 10:13:30 UTC,United Arab Emirates,Dubai Racing 3,DubaiRacing3.ae,unavailable,Not tested — no public stream,No real stream URL,,0,example.invalid,https://example.invalid/iptv-no-stream/DubaiRacing3.ae
2026-08-30 10:13:30 UTC,United Arab Emirates,Dubai Sports 1,DubaiSports1.ae,unavailable,Not tested — no public stream,No real stream URL,,0,example.invalid,https://example.invalid/iptv-no-stream/DubaiSports1.ae
2026-08-30 10:13:30 UTC,United Arab Emirates,Dubai Sports 2,DubaiSports2.ae,unavailable,Not tested — no public stream,No real stream URL,,0,example.invalid,https://example.invalid/iptv-no-stream/DubaiSports2.ae
2026-08-30 10:13:30 UTC,United Arab Emirates,Dubai Sports 3,DubaiSports3.ae,unavailable,Not tested — no public stream,No real stream URL,,0,example.invalid,https://example.invalid/iptv-no-stream/DubaiSports3.ae
2026-08-30 10:13:30 UTC,United Arab Emirates,Dubai TV,DubaiTV.ae,unavailable,Not tested — no public stream,No real stream URL,,0,example.invalid,https://example.invalid/iptv-no-stream/DubaiTV.ae
2026-08-30 10:13:30 UTC,United Arab Emirates,Dubai TV International (1080p),DubaiTVInternational.ae@SD,available,Working,audio+video,3281,1,185.9.2.18,http://185.9.2.18/chid_139/index.m3u8
2026-08-30 10:13:30 UTC,United Arab Emirates,Dubai Zaman,DubaiZaman.ae,unavailable,Not tested — no public stream,No real stream URL,,0,example.invalid,https://example.invalid/iptv-no-stream/DubaiZaman.ae
2026-08-30 10:13:30 UTC,United Arab Emirates,DXB One,DXBOne.ae,unavailable,Not tested — no public stream,No real stream URL,,0,example.invalid,https://example.invalid/iptv-no-stream/DXBOne.ae
2026-08-30 10:13:30 UTC,United Arab Emirates,Ellay.com,Ellaycom.ae,unavailable,Not tested — no public stream,No real stream URL,,0,example.invalid,https://example.invalid/iptv-no-stream/Ellaycom.ae
2026-08-30 10:13:30 UTC,United Arab Emirates,Fann,Fann.ae,unavailable,Not tested — no public stream,No real stream URL,,0,example.invalid,https://example.invalid/iptv-no-stream/Fann.ae
2026-08-30 10:13:30 UTC,United Arab Emirates,Fatafeat [Blocked: dmca],Fatafeat.ae,blocked,Not tested — blocklisted,IPTV-org blocklist,,0,example.invalid,https://example.invalid/iptv-no-stream/Fatafeat.ae
2026-08-30 10:13:30 UTC,United Arab Emirates,Fox Arabia,FoxArabia.ae,unavailable,Not tested — no public stream,No real stream URL,,0,example.invalid,https://example.invalid/iptv-no-stream/FoxArabia.ae
2026-08-30 10:13:30 UTC,United Arab Emirates,Fujairah TV (720p),FujairahTV.ae@SD,available,Restricted (403),https://live.kwikmotion.com/fujairahlive/fujairah.smil/playlist.m3u8: Server returned 403 Forbidden (access denied),60,2,live.kwikmotion.com,https://live.kwikmotion.com/fujairahlive/fujairah.smil/playlist.m3u8
2026-08-30 10:13:30 UTC,United Arab Emirates,Hawas TV,HawasTV.ae,unavailable,Not tested — no public stream,No real stream URL,,0,example.invalid,https://example.invalid/iptv-no-stream/HawasTV.ae
2026-08-30 10:13:30 UTC,United Arab Emirates,Just Vogue TV,JustVogueTV.ae,unavailable,Not tested — no public stream,No real stream URL,,0,example.invalid,https://example.invalid/iptv-no-stream/JustVogueTV.ae
2026-08-30 10:13:30 UTC,United Arab Emirates,Majid,Majid.ae,unavailable,Not tested — no public stream,No real stream URL,,0,example.invalid,https://example.invalid/iptv-no-stream/Majid.ae
2026-08-30 10:13:30 UTC,United Arab Emirates,MBC 1 (1080p),MBC1.ae@SD,available,Working,audio+video,12255,1,shd-gcp-live.edgenextcdn.net,https://shd-gcp-live.edgenextcdn.net/live/bitmovin-mbc-1/15cf99af5de54063fdabfefe66adc075/index.m3u8
2026-08-30 10:13:30 UTC,United Arab Emirates,MBC 2,MBC2.ae,unavailable,Not tested — no public stream,No real stream URL,,0,example.invalid,https://example.invalid/iptv-no-stream/MBC2.ae
2026-08-30 10:13:30 UTC,United Arab Emirates,MBC 3,MBC3.ae,unavailable,Not tested — no public stream,No real stream URL,,0,example.invalid,https://example.invalid/iptv-no-stream/MBC3.ae
2026-08-30 10:13:30 UTC,United Arab Emirates,MBC 4 (1080p),MBC4.ae@SD,available,Working,audio+video,7512,1,shd-gcp-live.edgenextcdn.net,https://shd-gcp-live.edgenextcdn.net/live/bitmovin-mbc-4/24f134f1cd63db9346439e96b86ca6ed/index.m3u8
2026-08-30 10:13:30 UTC,United Arab Emirates,MBC 5 (1080p),MBC5.ae@SD,available,Working,audio+video,11749,1,shd-gcp-live.edgenextcdn.net,https://shd-gcp-live.edgenextcdn.net/live/bitmovin-mbc-5/ee6b000cee0629411b666ab26cb13e9b/index.m3u8
2026-08-30 10:13:30 UTC,United Arab Emirates,MBC Action [Blocked: dmca],MBCAction.ae,blocked,Not tested — blocklisted,IPTV-org blocklist,,0,example.invalid,https://example.invalid/iptv-no-stream/MBCAction.ae
2026-08-30 10:13:30 UTC,United Arab Emirates,MBC Bollywood (1080p) [Geo-blocked],MBCBollywood.ae@SD,available,Working,audio+video,8530,1,shd-gcp-live.edgenextcdn.net,https://shd-gcp-live.edgenextcdn.net/live/bitmovin-mbc-bollywood/546eb40d7dcf9a209255dd2496903764/index.m3u8
2026-08-30 10:13:30 UTC,United Arab Emirates,MBC Drama (1080p),MBCDrama.ae@SD,available,Working,audio+video,10180,1,shd-gcp-live.edgenextcdn.net,https://shd-gcp-live.edgenextcdn.net/live/bitmovin-mbc-drama/2c28a458e2f3253e678b07ac7d13fe71/index.m3u8
2026-08-30 10:13:30 UTC,United Arab Emirates,MBC FM (1080p),MBCFM.ae@SD,available,Working,audio+video,8052,1,dbbv9umqcd7cs.cloudfront.net,https://dbbv9umqcd7cs.cloudfront.net/out/v1/db15b75c3cc0400c91961468d6a232ac/index.m3u8
2026-08-30 10:13:30 UTC,United Arab Emirates,MBC Persia (1080p),MBCPersia.ae@SD,available,Working,audio+video,12064,1,shd-gcp-live.edgenextcdn.net,https://shd-gcp-live.edgenextcdn.net/live/bitmovin-mbc-persia/818ee8e4b592dc497608f066d825bfb4/index.m3u8
2026-08-30 10:13:30 UTC,United Arab Emirates,MBC+ Power,MBCPlusPower.ae,unavailable,Not tested — no public stream,No real stream URL,,0,example.invalid,https://example.invalid/iptv-no-stream/MBCPlusPower.ae
2026-08-30 10:13:30 UTC,United Arab Emirates,MBC+ Variety,MBCPlusVariety.ae,unavailable,Not tested — no public stream,No real stream URL,,0,example.invalid,https://example.invalid/iptv-no-stream/MBCPlusVariety.ae
2026-08-30 10:13:30 UTC,United Arab Emirates,Media Office,MediaOffice.ae,unavailable,Not tested — no public stream,No real stream URL,,0,example.invalid,https://example.invalid/iptv-no-stream/MediaOffice.ae
2026-08-30 10:13:30 UTC,United Arab Emirates,Music Now,MusicNow.ae,unavailable,Not tested — no public stream,No real stream URL,,0,example.invalid,https://example.invalid/iptv-no-stream/MusicNow.ae
2026-08-30 10:13:30 UTC,United Arab Emirates,Narayana TV,NarayanaTV.ae,unavailable,Not tested — no public stream,No real stream URL,,0,example.invalid,https://example.invalid/iptv-no-stream/NarayanaTV.ae
2026-08-30 10:13:30 UTC,United Arab Emirates,National Geographic Abu Dhabi,NationalGeographicAbuDhabi.ae,unavailable,Not tested — no public stream,No real stream URL,,0,example.invalid,https://example.invalid/iptv-no-stream/NationalGeographicAbuDhabi.ae
2026-08-30 10:13:30 UTC,United Arab Emirates,Nick Jr. Arabia,NickJrArabia.ae,unavailable,Not tested — no public stream,No real stream URL,,0,example.invalid,https://example.invalid/iptv-no-stream/NickJrArabia.ae
2026-08-30 10:13:30 UTC,United Arab Emirates,Nickelodeon Arabia,NickelodeonArabia.ae,unavailable,Not tested — no public stream,No real stream URL,,0,example.invalid,https://example.invalid/iptv-no-stream/NickelodeonArabia.ae
2026-08-30 10:13:30 UTC,United Arab Emirates,Nicktoons Arabia,NicktoonsArabia.ae,unavailable,Not tested — no public stream,No real stream URL,,0,example.invalid,https://example.invalid/iptv-no-stream/NicktoonsArabia.ae
2026-08-30 10:13:30 UTC,United Arab Emirates,Nojoum TV,NojoumTV.ae,unavailable,Not tested — no public stream,No real stream URL,,0,example.invalid,https://example.invalid/iptv-no-stream/NojoumTV.ae
2026-08-30 10:13:30 UTC,United Arab Emirates,Noor Dubai,NoorDubai.ae,unavailable,Not tested — no public stream,No real stream URL,,0,example.invalid,https://example.invalid/iptv-no-stream/NoorDubai.ae
2026-08-30 10:13:30 UTC,United Arab Emirates,Nour TV,NourTV.ae@SD,available,Working,audio+video,3141,1,cdn.bestream.io,https://cdn.bestream.io:19360/elfaro4/elfaro4.m3u8
2026-08-30 10:13:30 UTC,United Arab Emirates,NTV,NTV.ae,unavailable,Not tested — no public stream,No real stream URL,,0,example.invalid,https://example.invalid/iptv-no-stream/NTV.ae
2026-08-30 10:13:30 UTC,United Arab Emirates,OSN Comedy,OSNComedy.ae,unavailable,Not tested — no public stream,No real stream URL,,0,example.invalid,https://example.invalid/iptv-no-stream/OSNComedy.ae
2026-08-30 10:13:30 UTC,United Arab Emirates,OSN Family,OSNFamily.ae,unavailable,Not tested — no public stream,No real stream URL,,0,example.invalid,https://example.invalid/iptv-no-stream/OSNFamily.ae
2026-08-30 10:13:30 UTC,United Arab Emirates,OSN Kids,OSNKids.ae,unavailable,Not tested — no public stream,No real stream URL,,0,example.invalid,https://example.invalid/iptv-no-stream/OSNKids.ae
2026-08-30 10:13:30 UTC,United Arab Emirates,OSN Kidzone,OSNKidzone.ae,unavailable,Not tested — no public stream,No real stream URL,,0,example.invalid,https://example.invalid/iptv-no-stream/OSNKidzone.ae
2026-08-30 10:13:30 UTC,United Arab Emirates,OSN Living,OSNLiving.ae,unavailable,Not tested — no public stream,No real stream URL,,0,example.invalid,https://example.invalid/iptv-no-stream/OSNLiving.ae
2026-08-30 10:13:30 UTC,United Arab Emirates,OSN Mezze,OSNMezze.ae,unavailable,Not tested — no public stream,No real stream URL,,0,example.invalid,https://example.invalid/iptv-no-stream/OSNMezze.ae
2026-08-30 10:13:30 UTC,United Arab Emirates,OSN Movies Action (1080p),OSNMoviesAction.ae@SD,available,Failed,http://116.90.120.151:8000/play/a0ax/index.m3u8: Connection timed out,5039,2,116.90.120.151,http://116.90.120.151:8000/play/a0ax/index.m3u8
2026-08-30 10:13:30 UTC,United Arab Emirates,OSN Movies Hollywood,OSNMoviesHollywood.ae,unavailable,Not tested — no public stream,No real stream URL,,0,example.invalid,https://example.invalid/iptv-no-stream/OSNMoviesHollywood.ae
2026-08-30 10:13:30 UTC,United Arab Emirates,OSN Movies Premiere [Blocked: nsfw],OSNMoviesPremiere.ae,blocked,Not tested — blocklisted,IPTV-org blocklist,,0,example.invalid,https://example.invalid/iptv-no-stream/OSNMoviesPremiere.ae
2026-08-30 10:13:30 UTC,United Arab Emirates,OSN News,OSNNews.ae,unavailable,Not tested — no public stream,No real stream URL,,0,example.invalid,https://example.invalid/iptv-no-stream/OSNNews.ae
2026-08-30 10:13:30 UTC,United Arab Emirates,OSN Pop Up,OSNPopUp.ae,unavailable,Not tested — no public stream,No real stream URL,,0,example.invalid,https://example.invalid/iptv-no-stream/OSNPopUp.ae
2026-08-30 10:13:30 UTC,United Arab Emirates,OSN Series Prime,OSNSeriesPrime.ae,unavailable,Not tested — no public stream,No real stream URL,,0,example.invalid,https://example.invalid/iptv-no-stream/OSNSeriesPrime.ae
2026-08-30 10:13:30 UTC,United Arab Emirates,OSN Showcase,OSNShowcase.ae,unavailable,Not tested — no public stream,No real stream URL,,0,example.invalid,https://example.invalid/iptv-no-stream/OSNShowcase.ae
2026-08-30 10:13:30 UTC,United Arab Emirates,OSN W,OSNW.ae,unavailable,Not tested — no public stream,No real stream URL,,0,example.invalid,https://example.invalid/iptv-no-stream/OSNW.ae
2026-08-30 10:13:30 UTC,United Arab Emirates,OSN Yahala,OSNYahala.ae,unavailable,Not tested — no public stream,No real stream URL,,0,example.invalid,https://example.invalid/iptv-no-stream/OSNYahala.ae
2026-08-30 10:13:30 UTC,United Arab Emirates,OSN Yahala Aflam,OSNYahalaAflam.ae,unavailable,Not tested — no public stream,No real stream URL,,0,example.invalid,https://example.invalid/iptv-no-stream/OSNYahalaAflam.ae
2026-08-30 10:13:30 UTC,United Arab Emirates,OSN Yahala Bil Arabi,OSNYahalaBilArabi.ae,unavailable,Not tested — no public stream,No real stream URL,,0,example.invalid,https://example.invalid/iptv-no-stream/OSNYahalaBilArabi.ae
2026-08-30 10:13:30 UTC,United Arab Emirates,Peace TV Bangla (1080p),PeaceTVBangla.ae@SD,available,Working,audio+video,9747,1,dzkyvlfyge.erbvr.com,https://dzkyvlfyge.erbvr.com/PeaceTvBangla/index.m3u8
2026-08-30 10:13:30 UTC,United Arab Emirates,Peace TV Chinese (1080p),PeaceTVChinese.ae@SD,available,Working,audio+video,12413,1,dzkyvlfyge.erbvr.com,https://dzkyvlfyge.erbvr.com/PeaceTvChinese/index.m3u8
2026-08-30 10:13:30 UTC,United Arab Emirates,Peace TV English (1080p),PeaceTVEnglish.ae@SD,available,Working,audio+video,10720,1,dzkyvlfyge.erbvr.com,https://dzkyvlfyge.erbvr.com/PeaceTvEnglish/index.m3u8
2026-08-30 10:13:30 UTC,United Arab Emirates,Peace TV Middle East,PeaceTVMiddleEast.ae,unavailable,Not tested — no public stream,No real stream URL,,0,example.invalid,https://example.invalid/iptv-no-stream/PeaceTVMiddleEast.ae
2026-08-30 10:13:30 UTC,United Arab Emirates,Peace TV Urdu (1080p),PeaceTVUrdu.ae@SD,available,Working,audio+video,13318,1,dzkyvlfyge.erbvr.com,https://dzkyvlfyge.erbvr.com/PeaceTvUrdu/index.m3u8
2026-08-30 10:13:30 UTC,United Arab Emirates,PMC,PMC.ae@SD,available,Working,audio+video,2849,1,pmchls.wns.live,https://pmchls.wns.live/hls/stream.m3u8
2026-08-30 10:13:30 UTC,United Arab Emirates,PMC Royale (1080p),PMCRoyale.ae@SD,available,Working,audio+video,2874,1,pmcrohls.wns.live,https://pmcrohls.wns.live/hls/stream.m3u8
2026-08-30 10:13:30 UTC,United Arab Emirates,Pulse95 Radio (1080p),Pulse95Radio.ae@SD,available,Working,audio+video,2615,1,svs.itworkscdn.net,https://svs.itworkscdn.net/pulse95live/pulse96/playlist.m3u8
2026-08-30 10:13:30 UTC,United Arab Emirates,RBC TV,RBCTV.ae,unavailable,Not tested — no public stream,No real stream URL,,0,example.invalid,https://example.invalid/iptv-no-stream/RBCTV.ae
2026-08-30 10:13:30 UTC,United Arab Emirates,Sama Dubai,SamaDubai.ae,unavailable,Not tested — no public stream,No real stream URL,,0,example.invalid,https://example.invalid/iptv-no-stream/SamaDubai.ae
2026-08-30 10:13:30 UTC,United Arab Emirates,Sharjah 2 (1080p),Sharjah2.ae@SD,available,Working,audio+video,4534,1,svs.itworkscdn.net,https://svs.itworkscdn.net/smc2live/smc2tv.smil/playlist.m3u8
2026-08-30 10:13:30 UTC,United Arab Emirates,Sharjah Radio (1080p),SharjahRadio.ae@SD,available,Working,audio,2527,1,svs.itworkscdn.net,https://svs.itworkscdn.net/smcradiolive/smcradiolive/playlist.m3u8
2026-08-30 10:13:30 UTC,United Arab Emirates,Sharjah Radio Quran (1080p),SharjahRadioQuran.ae@SD,available,Working,audio+video,2577,1,live.kwikmotion.com,https://live.kwikmotion.com/smcquranlive/quranradiolive/playlist.m3u8
2026-08-30 10:13:30 UTC,United Arab Emirates,Sharjah Sports (1080p) [Geo-blocked],SharjahSports.ae@SD,available,Restricted (403),https://svs.itworkscdn.net/smc4sportslive/smc4tv.smil/playlist.m3u8: Server returned 403 Forbidden (access denied),60,2,svs.itworkscdn.net,https://svs.itworkscdn.net/smc4sportslive/smc4tv.smil/playlist.m3u8
2026-08-30 10:13:30 UTC,United Arab Emirates,Sharjah TV (1080p),SharjahTV.ae@SD,available,Working,audio+video,7951,1,live.kwikmotion.com,https://live.kwikmotion.com/smc1live/smc1tv.smil/playlist.m3u8
2026-08-30 10:13:30 UTC,United Arab Emirates,Sky News Arabia (1080p),SkyNewsArabia.ae@HD,available,Working,audio+video,4160,1,live-stream.skynewsarabia.com,https://live-stream.skynewsarabia.com/c-horizontal-channel/horizontal-stream/index.m3u8
2026-08-30 10:13:30 UTC,United Arab Emirates,Sky News Arabia Vertical (1080p),SkyNewsArabiaVertical.ae@HD,available,Working,audio+video,5337,1,live-stream.skynewsarabia.com,https://live-stream.skynewsarabia.com/c-vertical-channel/vertical-stream/index.m3u8
2026-08-30 10:13:30 UTC,United Arab Emirates,Sony Max UAE,SonyMaxUAE.ae,unavailable,Not tested — no public stream,No real stream URL,,0,example.invalid,https://example.invalid/iptv-no-stream/SonyMaxUAE.ae
2026-08-30 10:13:30 UTC,United Arab Emirates,Spacetoon Arabic (576p),SpacetoonArabic.ae@SD,available,Working,audio+video,6996,1,live-uae-next.spacetoongo.com,https://live-uae-next.spacetoongo.com/ST_MENA_NEXT/hls/r9p2hjipmw2kl.m3u8
2026-08-30 10:13:30 UTC,United Arab Emirates,Star Movies Middle East,StarMoviesMiddleEast.ae,unavailable,Not tested — no public stream,No real stream URL,,0,example.invalid,https://example.invalid/iptv-no-stream/StarMoviesMiddleEast.ae
2026-08-30 10:13:30 UTC,United Arab Emirates,Star World Middle East,StarWorldMiddleEast.ae,unavailable,Not tested — no public stream,No real stream URL,,0,example.invalid,https://example.invalid/iptv-no-stream/StarWorldMiddleEast.ae
2026-08-30 10:13:30 UTC,United Arab Emirates,TeenNick Arabia,TeenNickArabia.ae,unavailable,Not tested — no public stream,No real stream URL,,0,example.invalid,https://example.invalid/iptv-no-stream/TeenNickArabia.ae
2026-08-30 10:13:30 UTC,United Arab Emirates,Towheed TV,TowheedTV.ae,unavailable,Not tested — no public stream,No real stream URL,,0,example.invalid,https://example.invalid/iptv-no-stream/TowheedTV.ae
2026-08-30 10:13:30 UTC,United Arab Emirates,U Toon,UToon.ae,unavailable,Not tested — no public stream,No real stream URL,,0,example.invalid,https://example.invalid/iptv-no-stream/UToon.ae
2026-08-30 10:13:30 UTC,United Arab Emirates,UBL,UBL.ae,unavailable,Not tested — no public stream,No real stream URL,,0,example.invalid,https://example.invalid/iptv-no-stream/UBL.ae
2026-08-30 10:13:30 UTC,United Arab Emirates,Urdu 1 Middle East,Urdu1MiddleEast.ae,unavailable,Not tested — no public stream,No real stream URL,,0,example.invalid,https://example.invalid/iptv-no-stream/Urdu1MiddleEast.ae
2026-08-30 10:13:30 UTC,United Arab Emirates,Watar Radio (1080p),WatarRadio.ae@SD,available,Working,audio+video,2445,1,svs.itworkscdn.net,https://svs.itworkscdn.net/smcwatarlive/smcwatar/playlist.m3u8
2026-08-30 10:13:30 UTC,United Arab Emirates,Weyyak Action,WeyyakAction.ae,unavailable,Not tested — no public stream,No real stream URL,,0,example.invalid,https://example.invalid/iptv-no-stream/WeyyakAction.ae
2026-08-30 10:13:30 UTC,United Arab Emirates,Weyyak Drama,WeyyakDrama.ae,unavailable,Not tested — no public stream,No real stream URL,,0,example.invalid,https://example.invalid/iptv-no-stream/WeyyakDrama.ae
2026-08-30 10:13:30 UTC,United Arab Emirates,Weyyak Mix,WeyyakMix.ae,unavailable,Not tested — no public stream,No real stream URL,,0,example.invalid,https://example.invalid/iptv-no-stream/WeyyakMix.ae
2026-08-30 10:13:30 UTC,United Arab Emirates,Weyyak Nawaem,WeyyakNawaem.ae,unavailable,Not tested — no public stream,No real stream URL,,0,example.invalid,https://example.invalid/iptv-no-stream/WeyyakNawaem.ae
2026-08-30 10:13:30 UTC,United Arab Emirates,Weyyak Smashi,WeyyakSmashi.ae,unavailable,Not tested — no public stream,No real stream URL,,0,example.invalid,https://example.invalid/iptv-no-stream/WeyyakSmashi.ae
2026-08-30 10:13:30 UTC,United Arab Emirates,Yas TV,YasTV.ae,unavailable,Not tested — no public stream,No real stream URL,,0,example.invalid,https://example.invalid/iptv-no-stream/YasTV.ae
2026-08-30 10:13:30 UTC,United Arab Emirates,Zee Aflam,ZeeAflam.ae,unavailable,Not tested — no public stream,No real stream URL,,0,example.invalid,https://example.invalid/iptv-no-stream/ZeeAflam.ae
2026-08-30 10:13:30 UTC,United Arab Emirates,Zee Alwan (576p) [Not 24/7],ZeeAlwan.ae@SD,available,Restricted (403),https://tgn.bozztv.com/gin-dvrfl05/ga-zeealwan/index.m3u8: Server returned 403 Forbidden (access denied),300,2,tgn.bozztv.com,https://tgn.bozztv.com/gin-dvrfl05/ga-zeealwan/index.m3u8
2026-08-30 10:13:30 UTC,United Arab Emirates,Zee TV Middle East,ZeeTVMiddleEast.ae,unavailable,Not tested — no public stream,No real stream URL,,0,example.invalid,https://example.invalid/iptv-no-stream/ZeeTVMiddleEast.ae
2026-08-30 10:13:30 UTC,United Arab Emirates,Zorins TV,ZorinsTV.ae,unavailable,Not tested — no public stream,No real stream URL,,0,example.invalid,https://example.invalid/iptv-no-stream/ZorinsTV.ae
2026-08-30 10:13:30 UTC,Yemen,Aden TV,AdenTV.ye,unavailable,Not tested — no public stream,No real stream URL,,0,example.invalid,https://example.invalid/iptv-no-stream/AdenTV.ye
2026-08-30 10:13:30 UTC,Yemen,AIC TV,AICTV.ye,unavailable,Not tested — no public stream,No real stream URL,,0,example.invalid,https://example.invalid/iptv-no-stream/AICTV.ye
2026-08-30 10:13:30 UTC,Yemen,Al Mahrah TV,AlMahrahTV.ye,unavailable,Not tested — no public stream,No real stream URL,,0,example.invalid,https://example.invalid/iptv-no-stream/AlMahrahTV.ye
2026-08-30 10:13:30 UTC,Yemen,Al Masirah (720p) [Not 24/7],AlMasirah.ye@SD,available,Working,audio+video,12967,1,live.cdnbridge.tv,https://live.cdnbridge.tv/Almasirah/Almasirah_all/playlist.m3u8
2026-08-30 10:13:30 UTC,Yemen,Al Masirah Mubacher (642p) [Not 24/7],AlMasirahMubacher.ye@SD,available,Working,audio+video,12534,1,live2.cdnbridge.tv,https://live2.cdnbridge.tv/AlmasirahMubasher/Mubasher_All/playlist.m3u8
2026-08-30 10:13:30 UTC,Yemen,Al-Hawyah,AlHawyah.ye,unavailable,Not tested — no public stream,No real stream URL,,0,example.invalid,https://example.invalid/iptv-no-stream/AlHawyah.ye
2026-08-30 10:13:30 UTC,Yemen,Al-Iman,AlIman.ye,unavailable,Not tested — no public stream,No real stream URL,,0,example.invalid,https://example.invalid/iptv-no-stream/AlIman.ye
2026-08-30 10:13:30 UTC,Yemen,Al-Sahat TV (720p),AlSahatTV.ye@SD,available,Working,audio+video,1099,1,assahat.b-cdn.net,https://assahat.b-cdn.net/Assahat/assahatobs/index.m3u8
2026-08-30 10:13:30 UTC,Yemen,Alghadye,Alghadye.ye,unavailable,Not tested — no public stream,No real stream URL,,0,example.invalid,https://example.invalid/iptv-no-stream/Alghadye.ye
2026-08-30 10:13:30 UTC,Yemen,Alghurfah TV,AlghurfahTV.ye,unavailable,Not tested — no public stream,No real stream URL,,0,example.invalid,https://example.invalid/iptv-no-stream/AlghurfahTV.ye
2026-08-30 10:13:30 UTC,Yemen,Allahdhah TV,AllahdhahTV.ye,unavailable,Not tested — no public stream,No real stream URL,,0,example.invalid,https://example.invalid/iptv-no-stream/AllahdhahTV.ye
2026-08-30 10:13:30 UTC,Yemen,Alqubba Alkhadra,AlqubbaAlkhadra.ye,unavailable,Not tested — no public stream,No real stream URL,,0,example.invalid,https://example.invalid/iptv-no-stream/AlqubbaAlkhadra.ye
2026-08-30 10:13:30 UTC,Yemen,Hadhramaut TV,HadhramautTV.ye,unavailable,Not tested — no public stream,No real stream URL,,0,example.invalid,https://example.invalid/iptv-no-stream/HadhramautTV.ye
2026-08-30 10:13:30 UTC,Yemen,Sheba TV,ShebaTV.ye,unavailable,Not tested — no public stream,No real stream URL,,0,example.invalid,https://example.invalid/iptv-no-stream/ShebaTV.ye
2026-08-30 10:13:30 UTC,Yemen,Suhail TV,SuhailTV.ye,unavailable,Not tested — no public stream,No real stream URL,,0,example.invalid,https://example.invalid/iptv-no-stream/SuhailTV.ye
2026-08-30 10:13:30 UTC,Yemen,TV3ad,TV3ad.ye,unavailable,Not tested — no public stream,No real stream URL,,0,example.invalid,https://example.invalid/iptv-no-stream/TV3ad.ye
2026-08-30 10:13:30 UTC,Yemen,Yemen Documentary,YemenDocumentary.ye,unavailable,Not tested — no public stream,No real stream URL,,0,example.invalid,https://example.invalid/iptv-no-stream/YemenDocumentary.ye
2026-08-30 10:13:30 UTC,Yemen,Yemen Education,YemenEducation.ye,unavailable,Not tested — no public stream,No real stream URL,,0,example.invalid,https://example.invalid/iptv-no-stream/YemenEducation.ye
2026-08-30 10:13:30 UTC,Yemen,Yemen Shabab Channel,YemenShababChannel.ye,unavailable,Not tested — no public stream,No real stream URL,,0,example.invalid,https://example.invalid/iptv-no-stream/YemenShababChannel.ye
2026-08-30 10:13:30 UTC,Yemen,Yemen Today TV (480p),YemenTodayTV.ye@SD,available,Working,audio+video,1831,1,video.yementdy.tv,https://video.yementdy.tv/hls/yementoday.m3u8
2026-08-30 10:13:30 UTC,Yemen,Yemen TV,YemenTV.ye,unavailable,Not tested — no public stream,No real stream URL,,0,example.invalid,https://example.invalid/iptv-no-stream/YemenTV.ye
2026-08-30 10:13:30 UTC,Yemen,Yemenia TV,YemeniaTV.ye,unavailable,Not tested — no public stream,No real stream URL,,0,example.invalid,https://example.invalid/iptv-no-stream/YemeniaTV.ye
